,GNomexID,run,number,plate,well,sample_type,samp_date,sac_day,day,infection_status,mouse,cage,ear,sex,treatment,microb,DOB,moved_to_SB,moved_from_bubble,age,location,out_of_bubble,PlatePosition,breeding,sample_group,description,LanePosition,RawReads1st,RerunReads,lane,Nanostring_sample,metabolomics_sample,Observed,sum,Shannon,PD,SR,row,cage_day
0_1,18684X170,18684,170,6,NA,breeder,NA,none,none,other,pretreat_bubble,a1_Female,NA,F,pretreat_bubble,GF,NA,NA,NA,NA,NA,NA,NA,no_sep,P0_fecal_t0,GF_before_gavage,170,NA,NA,Prerun,NA,NA,19,2731,1.47997652,2.95256498,19,0_1,a1_Femalenone
0_2,18684X171,18684,171,6,NA,breeder,NA,none,none,other,pretreat_bubble,a2_Female,NA,F,pretreat_bubble,GF,NA,NA,NA,NA,NA,NA,NA,no_sep,P0_fecal_t0,GF_before_gavage,171,NA,NA,Prerun,NA,NA,17,3898,1.726439037,2.603936034,17,0_2,a2_Femalenone
0_3,18684X172,18684,172,6,NA,breeder,NA,none,none,other,pretreat_bubble,a3_Male,NA,M,pretreat_bubble,GF,NA,NA,NA,NA,NA,NA,NA,no_sep,P0_fecal_t0,GF_before_gavage,172,NA,NA,Prerun,NA,NA,15,2286,1.051882911,2.454410938,15,0_3,a3_Malenone
1_LP_D1,19267X68,19267,68,1,68,sample,5/1/21,D14,D1,infected,1_LP,1,LP,F,worm,LO,1/9/21,3/23/21,2/10/21,112,SouthBio,80,F8,NA,exp,NA,68,110533,NA,Original_Lane2,NA,NA,101,59375,2.369799873,7.308775394,101,1_LP_D1,1D1
1_LP_D10,19266X64,19266,64,2,28,sample,5/10/21,D14,D10,infected,1_LP,1,LP,F,worm,LO,1/9/21,3/23/21,2/10/21,121,SouthBio,89,D4,NA,exp,NA,64,69967,NA,Original_Lane1,NA,NA,98,24237,2.162100715,7.78230207,98,1_LP_D10,1D10
1_LP_D14,19266X36,19266,36,2,89,sample,5/14/21,D14,D14,infected,1_LP,1,LP,F,worm,LO,1/9/21,3/23/21,2/10/21,125,SouthBio,93,A12,NA,exp,NA,36,20086,NA,Original_Lane1,NA,1,84,8439,2.94275868,6.464976406,84,1_LP_D14,1D14
1_LP_pre,19267X1,19267,1,1,1,sample,4/24/21,D14,D-5,pretreat,1_LP,1,LP,F,worm,LO,1/9/21,3/23/21,2/10/21,105,SouthBio,73,A1,NA,exp,NA,1,86221,NA,Original_Lane2,NA,NA,75,47414,1.951320938,5.871891631,75,1_LP_pre,1D-5
1_RP_D1,19266X8,19266,8,1,80,sample,5/1/21,D14,D1,infected,1_RP,1,RP,F,worm,LO,1/9/21,3/23/21,2/10/21,112,SouthBio,80,G8,NA,exp,NA,8,137453,NA,Original_Lane1,NA,NA,83,69540,2.299483392,6.604110966,83,1_RP_D1,1D1
1_RP_D10,19266X76,19266,76,2,29,sample,5/10/21,D14,D10,infected,1_RP,1,RP,F,worm,LO,1/9/21,3/23/21,2/10/21,121,SouthBio,89,E4,NA,exp,NA,76,61825,NA,Original_Lane1,NA,NA,90,14561,2.06867687,7.063178444,90,1_RP_D10,1D10
1_RP_D14,19266X48,19266,48,2,90,sample,5/14/21,D14,D14,infected,1_RP,1,RP,F,worm,LO,1/9/21,3/23/21,2/10/21,125,SouthBio,93,B12,NA,exp,NA,48,27321,NA,Original_Lane1,NA,2,77,11746,2.582703914,6.344043981,77,1_RP_D14,1D14
1_RP_pre,19267X13,19267,13,1,13,sample,4/24/21,D14,D-5,pretreat,1_RP,1,RP,F,worm,LO,1/9/21,3/23/21,2/10/21,105,SouthBio,73,B1,NA,exp,NA,13,25453,NA,Original_Lane2,NA,NA,75,14350,2.703340974,5.747573072,75,1_RP_pre,1D-5
10_LLP_D1,19267X12,19267,12,1,12,sample,5/1/21,D14,D1,infected,10_LLP,10,LLP,F,worm,LO,2/1/21,3/23/21,3/10/21,89,SouthBio,52,A12,NA,exp,NA,12,72637,NA,Original_Lane2,NA,NA,28,35657,1.882536878,3.161717613,28,10_LLP_D1,10D1
10_LLP_D10,19266X103,19266,103,2,55,sample,5/10/21,D14,D10,infected,10_LLP,10,LLP,F,worm,LO,2/1/21,3/23/21,3/10/21,98,SouthBio,61,G7,NA,exp,NA,103,24486,NA,Original_Lane1,NA,NA,81,11417,2.45084022,6.44720553,81,10_LLP_D10,10D10
10_LLP_D14,19266X171,19266,171,3,21,sample,5/14/21,D14,D14,infected,10_LLP,10,LLP,F,worm,LO,2/1/21,3/23/21,3/10/21,102,SouthBio,65,E3,NA,exp,NA,171,8633,27980,Rerun,9,NA,75,15544,1.965452228,5.799130663,75,10_LLP_D14,10D14
10_LLP_pre,19267X40,19267,40,1,40,sample,4/24/21,D14,D-5,pretreat,10_LLP,10,LLP,F,worm,LO,2/1/21,3/23/21,3/10/21,82,SouthBio,45,D4,NA,exp,NA,40,73274,NA,Original_Lane2,NA,NA,30,35039,1.980747894,3.056602928,30,10_LLP_pre,10D-5
10_LP_D1,19267X24,19267,24,1,24,sample,5/1/21,D41,D1,infected,10_LP,10,LP,F,worm,LO,2/1/21,3/23/21,3/10/21,89,SouthBio,52,B12,NA,exp,NA,24,47689,NA,Original_Lane2,NA,NA,26,25694,1.716153689,3.179153743,26,10_LP_D1,10D1
10_LP_D10,19266X115,19266,115,2,56,sample,5/10/21,D41,D10,infected,10_LP,10,LP,F,worm,LO,2/1/21,3/23/21,3/10/21,98,SouthBio,61,H7,NA,exp,NA,115,19238,NA,Original_Lane1,NA,NA,109,10122,2.161639904,7.99930779,109,10_LP_D10,10D10
10_LP_D14,19266X183,19266,183,3,22,sample,5/15/21,D41,D14,infected,10_LP,10,LP,F,worm,LO,2/1/21,3/23/21,3/10/21,103,SouthBio,66,F3,NA,exp,NA,183,6040,34517,Rerun,NA,NA,84,17085,2.126525624,6.190400403,84,10_LP_D14,10D14
10_LP_D28,19266X166,19266,166,3,76,sample,5/28/21,D41,D28,cleared,10_LP,10,LP,F,worm,LO,2/1/21,3/23/21,3/10/21,116,SouthBio,79,D10,NA,exp,NA,166,11839,NA,Original_Lane1,NA,NA,76,5097,2.534936107,5.384266147,76,10_LP_D28,10D28
10_LP_D41,19267X102,19267,102,4,43,sample,6/10/21,D41,D41,cleared,10_LP,10,LP,F,worm,LO,2/1/21,3/23/21,3/10/21,129,SouthBio,92,C6,NA,exp,NA,102,181,36775,Rerun,10,24,83,18616,1.868935457,5.782113089,83,10_LP_D41,10D41
10_LP_pre,19267X52,19267,52,1,52,sample,4/24/21,D41,D-5,pretreat,10_LP,10,LP,F,worm,LO,2/1/21,3/23/21,3/10/21,82,SouthBio,45,E4,NA,exp,NA,52,86370,NA,Original_Lane2,NA,NA,29,42489,1.722237422,2.91045544,29,10_LP_pre,10D-5
10_RLP_D1,19267X36,19267,36,1,36,sample,5/1/21,D41,D1,infected,10_RLP,10,RLP,F,worm,LO,2/1/21,3/23/21,3/10/21,89,SouthBio,52,C12,NA,exp,NA,36,47067,NA,Original_Lane2,NA,NA,27,23276,1.860335151,2.862424773,27,10_RLP_D1,10D1
10_RLP_D10,19266X32,19266,32,2,57,sample,5/10/21,D41,D10,infected,10_RLP,10,RLP,F,worm,LO,2/1/21,3/23/21,3/10/21,98,SouthBio,61,A8,NA,exp,NA,32,37299,NA,Original_Lane1,NA,NA,92,15789,2.812334294,6.376915113,92,10_RLP_D10,10D10
10_RLP_D14,19266X195,19266,195,3,23,sample,5/15/21,D41,D14,infected,10_RLP,10,RLP,F,worm,LO,2/1/21,3/23/21,3/10/21,103,SouthBio,66,G3,NA,exp,NA,195,5392,11156,Rerun,NA,NA,62,4979,1.963302715,5.178311362,62,10_RLP_D14,10D14
10_RLP_D28,19266X178,19266,178,3,77,sample,5/28/21,D41,D28,cleared,10_RLP,10,RLP,F,worm,LO,2/1/21,3/23/21,3/10/21,116,SouthBio,79,E10,NA,exp,NA,178,6584,NA,Original_Lane1,NA,NA,65,2957,2.280585385,5.409484286,65,10_RLP_D28,10D28
10_RLP_D31,19267X122,19267,122,4,13,sample,5/31/21,D41,D31,cleared,10_RLP,10,RLP,F,worm,LO,2/1/21,3/23/21,3/10/21,119,SouthBio,82,E2,NA,exp,NA,122,11427,NA,Original_Lane2,NA,NA,72,5710,1.899486455,5.448963103,72,10_RLP_D31,10D31
10_RLP_D41,19267X126,19267,126,4,45,sample,6/10/21,D41,D41,cleared,10_RLP,10,RLP,F,worm,LO,2/1/21,3/23/21,3/10/21,129,SouthBio,92,E6,NA,exp,NA,126,322,51254,Rerun,11,23,94,21895,3.012169147,6.440774662,94,10_RLP_D41,10D41
10_RLP_pre,19267X64,19267,64,1,64,sample,4/24/21,D41,D-5,pretreat,10_RLP,10,RLP,F,worm,LO,2/1/21,3/23/21,3/10/21,82,SouthBio,45,F4,NA,exp,NA,64,44601,NA,Original_Lane2,NA,NA,28,19853,2.048900778,2.90820436,28,10_RLP_pre,10D-5
10_RP_D1,19267X48,19267,48,1,48,sample,5/1/21,D14,D1,infected,10_RP,10,RP,F,worm,LO,2/1/21,3/23/21,3/10/21,89,SouthBio,52,D12,NA,exp,NA,48,62903,NA,Original_Lane2,NA,NA,26,31408,1.801614555,2.857089116,26,10_RP_D1,10D1
10_RP_D10,19266X44,19266,44,2,58,sample,5/10/21,D14,D10,infected,10_RP,10,RP,F,worm,LO,2/1/21,3/23/21,3/10/21,98,SouthBio,61,B8,NA,exp,NA,44,44057,NA,Original_Lane1,NA,NA,88,19489,2.39236497,6.880664068,88,10_RP_D10,10D10
10_RP_D14,19266X207,19266,207,3,24,sample,5/14/21,D14,D14,infected,10_RP,10,RP,F,worm,LO,2/1/21,3/23/21,3/10/21,102,SouthBio,65,H3,NA,exp,NA,207,3939,54081,Rerun,12,8,87,29530,1.936045105,6.467862096,87,10_RP_D14,10D14
10_RP_pre,19266X4,19266,4,1,76,sample,4/24/21,D14,D-5,pretreat,10_RP,10,RP,F,worm,LO,2/1/21,3/23/21,3/10/21,82,SouthBio,45,G4,NA,exp,NA,4,96888,NA,Original_Lane1,NA,NA,27,41954,1.910364435,2.977034601,27,10_RP_pre,10D-5
10_RRP_D1,19267X60,19267,60,1,60,sample,5/1/21,D41,D1,infected,10_RRP,10,RRP,F,worm,LO,2/1/21,3/23/21,3/10/21,89,SouthBio,52,E12,NA,exp,NA,60,64114,NA,Original_Lane2,NA,NA,29,32875,1.974259371,3.301315954,29,10_RRP_D1,10D1
10_RRP_D10,19266X56,19266,56,2,59,sample,5/10/21,D41,D10,infected,10_RRP,10,RRP,F,worm,LO,2/1/21,3/23/21,3/10/21,98,SouthBio,61,C8,NA,exp,NA,56,48854,NA,Original_Lane1,NA,NA,91,19790,2.779431291,6.791826286,91,10_RRP_D10,10D10
10_RRP_D14,19266X124,19266,124,3,25,sample,5/15/21,D41,D14,infected,10_RRP,10,RRP,F,worm,LO,2/1/21,3/23/21,3/10/21,103,SouthBio,66,A4,NA,exp,NA,124,9386,NA,Original_Lane1,NA,NA,58,3996,2.378936188,4.745431124,58,10_RRP_D14,10D14
10_RRP_D28,19266X190,19266,190,3,78,sample,5/28/21,D41,D28,cleared,10_RRP,10,RRP,F,worm,LO,2/1/21,3/23/21,3/10/21,116,SouthBio,79,F10,NA,exp,NA,190,4668,NA,Original_Lane1,NA,NA,58,2127,2.204804468,4.962117201,58,10_RRP_D28,10D28
10_RRP_D41,19267X137,19267,137,4,46,sample,6/10/21,D41,D41,cleared,10_RRP,10,RRP,F,worm,LO,2/1/21,3/23/21,3/10/21,129,SouthBio,92,F6,NA,exp,NA,137,137,13557,Rerun,NA,NA,68,4605,2.853586242,5.259440951,68,10_RRP_D41,10D41
10_RRP_pre,19266X16,19266,16,1,88,sample,4/24/21,D41,D-5,pretreat,10_RRP,10,RRP,F,worm,LO,2/1/21,3/23/21,3/10/21,82,SouthBio,45,H4,NA,exp,NA,16,23570,NA,Original_Lane1,NA,NA,22,8316,2.304941966,2.822006585,22,10_RRP_pre,10D-5
11_RLP_D1,19267X72,19267,72,1,72,sample,5/1/21,D41,D1,infected,11_RLP,11,RLP,F,control,LO,1/9/21,3/23/21,2/10/21,112,SouthBio,80,F12,NA,exp,NA,72,59672,NA,Original_Lane2,NA,NA,81,28328,2.831167959,6.117976621,81,11_RLP_D1,11D1
11_RLP_D10,19266X68,19266,68,2,60,sample,5/10/21,D41,D10,infected,11_RLP,11,RLP,F,control,LO,1/9/21,3/23/21,2/10/21,121,SouthBio,89,D8,NA,exp,NA,68,59434,NA,Original_Lane1,NA,NA,89,26260,2.227322839,7.047460312,89,11_RLP_D10,11D10
11_RLP_D14,19266X136,19266,136,3,26,sample,5/15/21,D41,D14,infected,11_RLP,11,RLP,F,control,LO,1/9/21,3/23/21,2/10/21,126,SouthBio,94,B4,NA,exp,NA,136,15701,NA,Original_Lane1,NA,NA,75,5409,2.93919321,5.797595605,75,11_RLP_D14,11D14
11_RLP_D28,19266X202,19266,202,3,79,sample,5/28/21,D41,D28,cleared,11_RLP,11,RLP,F,control,LO,1/9/21,3/23/21,2/10/21,139,SouthBio,107,G10,NA,exp,NA,202,3009,24589,Rerun,NA,NA,89,12109,2.30394797,6.947196162,89,11_RLP_D28,11D28
11_RLP_D31,19267X133,19267,133,4,14,sample,5/31/21,D41,D31,cleared,11_RLP,11,RLP,F,control,LO,1/9/21,3/23/21,2/10/21,142,SouthBio,110,F2,NA,exp,NA,133,8060,NA,Original_Lane2,NA,NA,57,3284,2.094474633,4.946667026,57,11_RLP_D31,11D31
11_RLP_D41,19267X148,19267,148,4,47,sample,6/10/21,D41,D41,cleared,11_RLP,11,RLP,F,control,LO,1/9/21,3/23/21,2/10/21,152,SouthBio,120,G6,NA,exp,NA,148,133,45062,Rerun,NA,26,88,14503,3.088775698,6.335983718,88,11_RLP_D41,11D41
11_RLP_pre,19267X5,19267,5,1,5,sample,4/24/21,D41,D-5,pretreat,11_RLP,11,RLP,F,control,LO,1/9/21,3/23/21,2/10/21,105,SouthBio,73,A5,NA,exp,NA,5,41757,NA,Original_Lane2,NA,NA,82,20312,2.3263457,6.07655414,82,11_RLP_pre,11D-5
11_RRP_D1,19266X12,19266,12,1,84,sample,5/1/21,D41,D1,infected,11_RRP,11,RRP,F,control,LO,1/9/21,3/23/21,2/10/21,112,SouthBio,80,G12,NA,exp,NA,12,107232,NA,Original_Lane1,NA,NA,83,47298,3.187662446,6.241300111,83,11_RRP_D1,11D1
11_RRP_D10,19266X80,19266,80,2,61,sample,5/10/21,D41,D10,infected,11_RRP,11,RRP,F,control,LO,1/9/21,3/23/21,2/10/21,121,SouthBio,89,E8,NA,exp,NA,80,57449,NA,Original_Lane1,NA,NA,86,22879,1.924969549,6.616811139,86,11_RRP_D10,11D10
11_RRP_D14,19266X148,19266,148,3,27,sample,5/15/21,D41,D14,infected,11_RRP,11,RRP,F,control,LO,1/9/21,3/23/21,2/10/21,126,SouthBio,94,C4,NA,exp,NA,148,10605,NA,Original_Lane1,NA,NA,71,4102,2.531203828,5.591794643,71,11_RRP_D14,11D14
11_RRP_D28,19266X214,19266,214,3,80,sample,5/28/21,D41,D28,cleared,11_RRP,11,RRP,F,control,LO,1/9/21,3/23/21,2/10/21,139,SouthBio,107,H10,NA,exp,NA,214,3052,55786,Rerun,NA,NA,87,31103,2.556904258,6.501539243,87,11_RRP_D28,11D28
11_RRP_D41,19267X159,19267,159,4,48,sample,6/10/21,D41,D41,cleared,11_RRP,11,RRP,F,control,LO,1/9/21,3/23/21,2/10/21,152,SouthBio,120,H6,NA,exp,NA,159,137,48058,Rerun,NA,25,87,18749,2.85098308,6.666439115,87,11_RRP_D41,11D41
11_RRP_pre,19267X17,19267,17,1,17,sample,4/24/21,D41,D-5,pretreat,11_RRP,11,RRP,F,control,LO,1/9/21,3/23/21,2/10/21,105,SouthBio,73,B5,NA,exp,NA,17,28017,NA,Original_Lane2,NA,NA,68,15874,2.227288347,5.595897069,68,11_RRP_pre,11D-5
12_LP_D1,19266X25,19266,25,2,1,sample,5/1/21,D41,D1,infected,12_LP,12,LP,M,control,LO,1/3/21,4/16/21,2/10/21,118,SouthBio,80,A1,NA,exp,NA,25,59676,NA,Original_Lane1,NA,NA,31,26630,1.851933055,3.636549487,31,12_LP_D1,12D1
12_LP_D10,19266X92,19266,92,2,62,sample,5/10/21,D41,D10,infected,12_LP,12,LP,M,control,LO,1/3/21,4/16/21,2/10/21,127,SouthBio,89,F8,NA,exp,NA,92,34312,NA,Original_Lane1,NA,NA,51,14181,2.404282336,5.382373066,51,12_LP_D10,12D10
12_LP_D14,19266X160,19266,160,3,28,sample,5/15/21,D41,D14,infected,12_LP,12,LP,M,control,LO,1/3/21,4/16/21,2/10/21,132,SouthBio,94,D4,NA,exp,NA,160,13997,NA,Original_Lane1,NA,NA,39,6219,1.91220195,4.400614589,39,12_LP_D14,12D14
12_LP_D28,19266X131,19266,131,3,81,sample,5/28/21,D41,D28,cleared,12_LP,12,LP,M,control,LO,1/3/21,4/16/21,2/10/21,145,SouthBio,107,A11,NA,exp,NA,131,8379,NA,Original_Lane1,NA,NA,45,3894,2.245511347,5.185920299,45,12_LP_D28,12D28
12_LP_D31,19267X149,19267,149,4,55,sample,5/31/21,D41,D31,cleared,12_LP,12,LP,M,control,LO,1/3/21,4/16/21,2/10/21,148,SouthBio,110,G7,NA,exp,NA,149,3001,52912,Rerun,NA,NA,42,25678,1.960850982,4.889888388,42,12_LP_D31,12D31
12_LP_D41,19267X79,19267,79,4,49,sample,6/10/21,D41,D41,cleared,12_LP,12,LP,M,control,LO,1/3/21,4/16/21,2/10/21,158,SouthBio,120,A7,NA,exp,NA,79,5089,34677,Rerun,NA,28,49,18627,2.441716768,4.574172238,49,12_LP_D41,12D41
12_LP_pre,19267X29,19267,29,1,29,sample,4/24/21,D41,D-5,pretreat,12_LP,12,LP,M,control,LO,1/3/21,4/16/21,2/10/21,111,SouthBio,73,C5,NA,exp,NA,29,28317,NA,Original_Lane2,NA,NA,18,13432,1.803125228,2.69635762,18,12_LP_pre,12D-5
12_RP_D1,19266X37,19266,37,2,2,sample,5/1/21,D41,D1,infected,12_RP,12,RP,M,control,LO,1/3/21,4/16/21,2/10/21,118,SouthBio,80,B1,NA,exp,NA,37,87135,NA,Original_Lane1,NA,NA,42,41955,1.802813553,4.3684847,42,12_RP_D1,12D1
12_RP_D10,19266X104,19266,104,2,63,sample,5/10/21,D41,D10,infected,12_RP,12,RP,M,control,LO,1/3/21,4/16/21,2/10/21,127,SouthBio,89,G8,NA,exp,NA,104,74886,NA,Original_Lane1,NA,NA,60,30441,2.119819215,5.62735336,60,12_RP_D10,12D10
12_RP_D14,19266X172,19266,172,3,29,sample,5/15/21,D41,D14,infected,12_RP,12,RP,M,control,LO,1/3/21,4/16/21,2/10/21,132,SouthBio,94,E4,NA,exp,NA,172,9737,66104,Rerun,NA,NA,48,31676,2.180168654,4.96234535,48,12_RP_D14,12D14
12_RP_D28,19266X143,19266,143,3,82,sample,5/28/21,D41,D28,cleared,12_RP,12,RP,M,control,LO,1/3/21,4/16/21,2/10/21,145,SouthBio,107,B11,NA,exp,NA,143,13199,NA,Original_Lane1,NA,NA,48,5904,2.425312715,5.55132494,48,12_RP_D28,12D28
12_RP_D41,19267X91,19267,91,4,50,sample,6/10/21,D41,D41,cleared,12_RP,12,RP,M,control,LO,1/3/21,4/16/21,2/10/21,158,SouthBio,120,B7,NA,exp,NA,91,7223,NA,Original_Lane2,NA,27,45,3415,2.360855597,4.496043986,45,12_RP_D41,12D41
12_RP_pre,19267X41,19267,41,1,41,sample,4/24/21,D41,D-5,pretreat,12_RP,12,RP,M,control,LO,1/3/21,4/16/21,2/10/21,111,SouthBio,73,D5,NA,exp,NA,41,32013,NA,Original_Lane2,NA,NA,17,16737,1.743963789,2.599544778,17,12_RP_pre,12D-5
13_RP1_D1,19266X49,19266,49,2,3,sample,5/1/21,D41,D1,infected,13_RP1,13,RP1,F,control,LO,1/18/21,3/23/21,2/25/21,103,SouthBio,65,C1,NA,exp,NA,49,75843,NA,Original_Lane1,NA,NA,42,32517,1.839015292,4.638858695,42,13_RP1_D1,13D1
13_RP1_D10,19266X116,19266,116,2,64,sample,5/10/21,D41,D10,infected,13_RP1,13,RP1,F,control,LO,1/18/21,3/23/21,2/25/21,112,SouthBio,74,H8,NA,exp,NA,116,43707,NA,Original_Lane1,NA,NA,47,18281,2.285756459,4.895456509,47,13_RP1_D10,13D10
13_RP1_D14,19266X184,19266,184,3,30,sample,5/15/21,D41,D14,infected,13_RP1,13,RP1,F,control,LO,1/18/21,3/23/21,2/25/21,117,SouthBio,79,F4,NA,exp,NA,184,6473,23191,Rerun,NA,NA,43,11723,2.388078046,4.268470854,43,13_RP1_D14,13D14
13_RP1_D28,19266X155,19266,155,3,83,sample,5/28/21,D41,D28,cleared,13_RP1,13,RP1,F,control,LO,1/18/21,3/23/21,2/25/21,130,SouthBio,92,C11,NA,exp,NA,155,10121,NA,Original_Lane1,NA,NA,41,4898,2.022193486,4.498573535,41,13_RP1_D28,13D28
13_RP1_D31,19267X144,19267,144,4,15,sample,5/31/21,D41,D31,cleared,13_RP1,13,RP1,F,control,LO,1/18/21,3/23/21,2/25/21,133,SouthBio,95,G2,NA,exp,NA,144,9024,NA,Original_Lane2,NA,NA,61,4006,2.202309219,5.544782319,61,13_RP1_D31,13D31
13_RP1_D41,19267X103,19267,103,4,51,sample,6/10/21,D41,D41,cleared,13_RP1,13,RP1,F,control,LO,1/18/21,3/23/21,2/25/21,143,SouthBio,105,C7,NA,exp,NA,103,7508,45908,Rerun,NA,29,52,19980,2.463866422,5.053766044,52,13_RP1_D41,13D41
13_RP1_pre,19267X53,19267,53,1,53,sample,4/24/21,D41,D-5,pretreat,13_RP1,13,RP1,F,control,LO,1/18/21,3/23/21,2/25/21,96,SouthBio,58,E5,NA,exp,NA,53,45411,NA,Original_Lane2,NA,NA,35,24025,1.745840026,4.062382457,35,13_RP1_pre,13D-5
13_RP2_D1,19266X61,19266,61,2,4,sample,5/1/21,D41,D1,infected,13_RP2,13,RP2,F,control,LO,1/18/21,3/23/21,2/25/21,103,SouthBio,65,D1,NA,exp,NA,61,109826,NA,Original_Lane1,NA,NA,49,46272,1.955532039,5.364475208,49,13_RP2_D1,13D1
13_RP2_D10,19266X33,19266,33,2,65,sample,5/10/21,D41,D10,infected,13_RP2,13,RP2,F,control,LO,1/18/21,3/23/21,2/25/21,112,SouthBio,74,A9,NA,exp,NA,33,116816,NA,Original_Lane1,NA,NA,53,51895,1.885715917,5.572349936,53,13_RP2_D10,13D10
13_RP2_D14,19266X196,19266,196,3,31,sample,5/15/21,D41,D14,infected,13_RP2,13,RP2,F,control,LO,1/18/21,3/23/21,2/25/21,117,SouthBio,79,G4,NA,exp,NA,196,4631,25138,Rerun,NA,NA,43,14160,2.263506485,4.379449437,43,13_RP2_D14,13D14
13_RP2_D28,19266X167,19266,167,3,84,sample,5/28/21,D41,D28,cleared,13_RP2,13,RP2,F,control,LO,1/18/21,3/23/21,2/25/21,130,SouthBio,92,D11,NA,exp,NA,167,17652,NA,Original_Lane1,NA,NA,46,8247,1.919525166,5.005941741,46,13_RP2_D28,13D28
13_RP2_D41,19267X115,19267,115,4,52,sample,6/10/21,D41,D41,cleared,13_RP2,13,RP2,F,control,LO,1/18/21,3/23/21,2/25/21,143,SouthBio,105,D7,NA,exp,NA,115,7041,10438,Rerun,NA,30,43,4555,2.315827779,4.376293419,43,13_RP2_D41,13D41
13_RP2_pre,19267X65,19267,65,1,65,sample,4/24/21,D41,D-5,pretreat,13_RP2,13,RP2,F,control,LO,1/18/21,3/23/21,2/25/21,96,SouthBio,58,F5,NA,exp,NA,65,33453,NA,Original_Lane2,NA,NA,36,17232,1.776881703,4.030361815,36,13_RP2_pre,13D-5
14_LP_D1,19266X73,19266,73,2,5,sample,5/1/21,D14,D1,infected,14_LP,14,LP,F,worm,HI,12/21/20,4/16/21,4/10/21,131,SouthBio,21,E1,NA,exp,NA,73,100577,NA,Original_Lane1,NA,NA,334,27213,4.413683328,14.75791494,334,14_LP_D1,14D1
14_LP_D10,19266X45,19266,45,2,66,sample,5/10/21,D14,D10,infected,14_LP,14,LP,F,worm,HI,12/21/20,4/16/21,4/10/21,140,SouthBio,30,B9,NA,exp,NA,45,118672,NA,Original_Lane1,NA,NA,299,38544,3.6688681,13.97532613,299,14_LP_D10,14D10
14_LP_D14,19266X208,19266,208,3,32,sample,5/14/21,D14,D14,infected,14_LP,14,LP,F,worm,HI,12/21/20,4/16/21,4/10/21,116,SouthBio,78,H4,NA,exp,NA,208,3511,57258,Rerun,13,9,202,15906,3.417678084,12.00248969,202,14_LP_D14,14D14
14_LP_pre,19266X5,19266,5,1,77,sample,4/24/21,D14,D-5,pretreat,14_LP,14,LP,F,worm,HI,12/21/20,4/16/21,4/10/21,124,SouthBio,14,G5,NA,exp,NA,5,59943,NA,Original_Lane1,NA,NA,256,22973,3.957004358,13.28494666,256,14_LP_pre,14D-5
14_RLP_D1,19266X85,19266,85,2,6,sample,5/1/21,D41,D1,infected,14_RLP,14,RLP,F,worm,HI,12/21/20,4/16/21,4/10/21,131,SouthBio,21,F1,NA,exp,NA,85,62523,NA,Original_Lane1,NA,NA,224,19201,3.65263036,12.57665627,224,14_RLP_D1,14D1
14_RLP_D10,19266X57,19266,57,2,67,sample,5/10/21,D41,D10,infected,14_RLP,14,RLP,F,worm,HI,12/21/20,4/16/21,4/10/21,140,SouthBio,30,C9,NA,exp,NA,57,134912,NA,Original_Lane1,NA,NA,271,42334,3.135348221,14.31807524,271,14_RLP_D10,14D10
14_RLP_D14,19266X125,19266,125,NA,NA,sample,5/14/21,D41,D14,infected,14_RLP,14,RLP,F,worm,HI,12/21/20,4/16/21,4/10/21,NA,SouthBio,NA,,NA,exp,NA,NA,0,8517,Rerun,NA,NA,101,2853,3.109498371,8.653098891,101,14_RLP_D14,14D14
14_RLP_D28,19266X179,19266,179,3,85,sample,5/28/21,D41,D28,cleared,14_RLP,14,RLP,F,worm,HI,12/21/20,4/16/21,4/10/21,158,SouthBio,48,E11,NA,exp,NA,179,12388,NA,Original_Lane1,NA,NA,107,4318,3.355154228,8.307403839,107,14_RLP_D28,14D28
14_RLP_D41,19267X127,19267,127,4,53,sample,6/10/21,D41,D41,cleared,14_RLP,14,RLP,F,worm,HI,12/21/20,4/16/21,4/10/21,171,SouthBio,61,E7,NA,exp,NA,127,6513,45359,Rerun,NA,NA,193,15220,3.540416235,11.59787349,193,14_RLP_D41,14D41
14_RLP_pre,19266X17,19266,17,1,89,sample,4/24/21,D41,D-5,pretreat,14_RLP,14,RLP,F,worm,HI,12/21/20,4/16/21,4/10/21,124,SouthBio,14,H5,NA,exp,NA,17,15319,NA,Original_Lane1,NA,NA,176,4371,3.920160746,10.58289287,176,14_RLP_pre,14D-5
14_RP_D1,19266X97,19266,97,2,7,sample,5/1/21,D41,D1,infected,14_RP,14,RP,F,worm,HI,12/21/20,4/16/21,4/10/21,131,SouthBio,21,G1,NA,exp,NA,97,122663,NA,Original_Lane1,NA,NA,268,34653,3.404357041,14.15861079,268,14_RP_D1,14D1
14_RP_D10,19266X69,19266,69,2,68,sample,5/10/21,D41,D10,infected,14_RP,14,RP,F,worm,HI,12/21/20,4/16/21,4/10/21,140,SouthBio,30,D9,NA,exp,NA,69,183885,NA,Original_Lane1,NA,NA,237,55059,3.232126909,13.24219195,237,14_RP_D10,14D10
14_RP_D14,19266X137,19266,137,NA,NA,sample,5/14/21,D41,D14,infected,14_RP,14,RP,F,worm,HI,12/21/20,4/16/21,4/10/21,NA,SouthBio,NA,,NA,exp,NA,NA,0,30960,Rerun,NA,NA,139,10465,2.944033361,9.943017157,139,14_RP_D14,14D14
14_RP_D28,19266X191,19266,191,3,86,sample,5/28/21,D41,D28,cleared,14_RP,14,RP,F,worm,HI,12/21/20,4/16/21,4/10/21,158,SouthBio,48,F11,NA,exp,NA,191,8606,NA,Original_Lane1,NA,NA,155,2881,3.720813081,9.805514169,155,14_RP_D28,14D28
14_RP_D31,19267X155,19267,155,4,16,sample,5/31/21,D41,D31,cleared,14_RP,14,RP,F,worm,HI,12/21/20,4/16/21,4/10/21,161,SouthBio,51,H2,NA,exp,NA,155,3794,29948,Rerun,NA,NA,282,11771,4.310263004,13.02061807,282,14_RP_D31,14D31
14_RP_D41,19267X138,19267,138,4,54,sample,6/10/21,D41,D41,cleared,14_RP,14,RP,F,worm,HI,12/21/20,4/16/21,4/10/21,171,SouthBio,61,F7,NA,exp,NA,138,4012,39924,Rerun,14,31,208,10962,3.588971907,12.2329012,208,14_RP_D41,14D41
14_RP_pre,19267X6,19267,6,1,6,sample,4/24/21,D41,D-5,pretreat,14_RP,14,RP,F,worm,HI,12/21/20,4/16/21,4/10/21,124,SouthBio,14,A6,NA,exp,NA,6,49498,NA,Original_Lane2,NA,NA,294,20215,3.920578027,14.04962502,294,14_RP_pre,14D-5
15_LP_D1,19266X109,19266,109,2,8,sample,5/1/21,D14,D1,infected,15_LP,15,LP,F,worm,HI,12/29/20,4/16/21,4/10/21,123,SouthBio,21,H1,NA,exp,NA,109,81176,NA,Original_Lane1,NA,NA,229,22189,3.462562436,12.60260165,229,15_LP_D1,15D1
15_LP_D10,19266X81,19266,81,2,69,sample,5/10/21,D14,D10,infected,15_LP,15,LP,F,worm,HI,12/29/20,4/16/21,4/10/21,132,SouthBio,30,E9,NA,exp,NA,81,144378,NA,Original_Lane1,NA,NA,303,34021,3.615333398,13.79780064,303,15_LP_D10,15D10
15_LP_D14,19266X149,19266,149,3,35,sample,5/14/21,D14,D14,infected,15_LP,15,LP,F,worm,HI,12/21/20,4/16/21,4/10/21,144,SouthBio,34,C5,NA,exp,NA,149,1,36630,Rerun,15,11,198,12958,3.542760258,11.57518945,198,15_LP_D14,15D14
15_LP_pre,19267X18,19267,18,1,18,sample,4/24/21,D14,D-5,pretreat,15_LP,15,LP,F,worm,HI,12/29/20,4/16/21,4/10/21,116,SouthBio,14,B6,NA,exp,NA,18,25631,NA,Original_Lane2,NA,NA,178,11409,3.485434222,11.43434985,178,15_LP_pre,15D-5
15_RLP_D1,19266X26,19266,26,2,9,sample,5/1/21,D41,D1,infected,15_RLP,15,RLP,F,worm,HI,12/29/20,4/16/21,4/10/21,123,SouthBio,21,A2,NA,exp,NA,26,46224,NA,Original_Lane1,NA,NA,196,15757,3.447383159,11.81063462,196,15_RLP_D1,15D1
15_RLP_D10,19266X93,19266,93,2,70,sample,5/10/21,D41,D10,infected,15_RLP,15,RLP,F,worm,HI,12/29/20,4/16/21,4/10/21,132,SouthBio,30,F9,NA,exp,NA,93,86753,NA,Original_Lane1,NA,NA,173,26323,3.452488188,10.83000262,173,15_RLP_D10,15D10
15_RLP_D14,19266X161,19266,161,NA,NA,sample,5/14/21,D41,D14,infected,15_RLP,15,RLP,F,worm,HI,12/29/20,4/16/21,4/10/21,NA,SouthBio,NA,,NA,exp,NA,NA,0,22479,Rerun,NA,NA,203,6970,3.685648524,11.7279461,203,15_RLP_D14,15D14
15_RLP_D28,19266X203,19266,203,3,87,sample,5/28/21,D41,D28,cleared,15_RLP,15,RLP,F,worm,HI,12/29/20,4/16/21,4/10/21,150,SouthBio,48,G11,NA,exp,NA,203,7272,NA,Original_Lane1,NA,NA,96,2487,3.432229793,7.758479689,96,15_RLP_D28,15D28
15_RLP_D31,19267X75,19267,75,4,17,sample,5/31/21,D41,D31,cleared,15_RLP,15,RLP,F,worm,HI,12/29/20,4/16/21,4/10/21,153,SouthBio,51,A3,NA,exp,NA,75,71,43665,Rerun,NA,NA,336,17449,4.591817073,15.00426754,336,15_RLP_D31,15D31
15_RLP_pre,19267X30,19267,30,1,30,sample,4/24/21,D41,D-5,pretreat,15_RLP,15,RLP,F,worm,HI,12/29/20,4/16/21,4/10/21,116,SouthBio,14,C6,NA,exp,NA,30,31039,NA,Original_Lane2,NA,NA,264,13489,4.019514618,13.34465535,264,15_RLP_pre,15D-5
15_RP_D1,19266X38,19266,38,2,10,sample,5/1/21,D14,D1,infected,15_RP,15,RP,F,worm,HI,12/29/20,4/16/21,4/10/21,123,SouthBio,21,B2,NA,exp,NA,38,55774,NA,Original_Lane1,NA,NA,239,19165,3.580175742,12.58422814,239,15_RP_D1,15D1
15_RP_D10,19266X105,19266,105,2,71,sample,5/10/21,D14,D10,infected,15_RP,15,RP,F,worm,HI,12/29/20,4/16/21,4/10/21,132,SouthBio,30,G9,NA,exp,NA,105,165022,NA,Original_Lane1,NA,NA,307,41251,3.445198292,13.90489341,307,15_RP_D10,15D10
15_RP_D14,19266X173,19266,173,3,37,sample,5/14/21,D14,D14,infected,15_RP,15,RP,F,worm,HI,12/29/20,4/16/21,4/10/21,136,SouthBio,34,E5,NA,exp,NA,173,1,35486,Rerun,NA,10,274,12751,3.98170124,13.63824162,274,15_RP_D14,15D14
15_RP_pre,19267X42,19267,42,1,42,sample,4/24/21,D14,D-5,pretreat,15_RP,15,RP,F,worm,HI,12/29/20,4/16/21,4/10/21,116,SouthBio,14,D6,NA,exp,NA,42,38652,NA,Original_Lane2,NA,NA,197,16615,3.562019192,11.58443766,197,15_RP_pre,15D-5
15_RRP_D1,19266X50,19266,50,2,11,sample,5/1/21,D41,D1,infected,15_RRP,15,RRP,F,worm,HI,12/29/20,4/16/21,4/10/21,123,SouthBio,21,C2,NA,exp,NA,50,66294,NA,Original_Lane1,NA,NA,257,22108,3.631371551,13.53214057,257,15_RRP_D1,15D1
15_RRP_D10,19266X117,19266,117,2,72,sample,5/10/21,D41,D10,infected,15_RRP,15,RRP,F,worm,HI,12/29/20,4/16/21,4/10/21,132,SouthBio,30,H9,NA,exp,NA,117,154878,NA,Original_Lane1,NA,NA,246,44272,3.067908013,13.00892762,246,15_RRP_D10,15D10
15_RRP_D14,19266X185,19266,185,NA,NA,sample,5/14/21,D41,D14,infected,15_RRP,15,RRP,F,worm,HI,12/29/20,4/16/21,4/10/21,NA,SouthBio,NA,,NA,exp,NA,NA,0,31389,Rerun,NA,NA,182,12356,3.663148253,11.64281945,182,15_RRP_D14,15D14
15_RRP_D28,19266X215,19266,215,3,88,sample,5/28/21,D41,D28,cleared,15_RRP,15,RRP,F,worm,HI,12/29/20,4/16/21,4/10/21,150,SouthBio,48,H11,NA,exp,NA,215,5624,NA,Original_Lane1,NA,NA,113,2067,3.494846551,8.516008969,113,15_RRP_D28,15D28
15_RRP_D41,19267X160,19267,160,4,56,sample,6/10/21,D41,D41,cleared,15_RRP,15,RRP,F,worm,HI,12/29/20,4/16/21,4/10/21,163,SouthBio,61,H7,NA,exp,NA,160,1688,7194,Rerun,16,NA,138,2389,3.736071767,9.73439971,138,15_RRP_D41,15D41
15_RRP_pre,19267X54,19267,54,1,54,sample,4/24/21,D41,D-5,pretreat,15_RRP,15,RRP,F,worm,HI,12/29/20,4/16/21,4/10/21,116,SouthBio,14,E6,NA,exp,NA,54,56368,NA,Original_Lane2,NA,NA,264,24495,3.846906787,14.14102234,264,15_RRP_pre,15D-5
16_LLP_D1,19266X62,19266,62,2,12,sample,5/1/21,D14,D1,infected,16_LLP,16,LLP,M,worm,HI,12/29/20,4/16/21,4/10/21,123,SouthBio,21,D2,NA,exp,NA,62,73190,NA,Original_Lane1,NA,NA,309,24209,4.203119692,14.69555484,309,16_LLP_D1,16D1
16_LLP_D10,19266X34,19266,34,2,73,sample,5/10/21,D14,D10,infected,16_LLP,16,LLP,M,worm,HI,12/29/20,4/16/21,4/10/21,132,SouthBio,30,A10,NA,exp,NA,34,32648,NA,Original_Lane1,NA,NA,282,12252,4.249850525,13.78195771,282,16_LLP_D10,16D10
16_LLP_D14,19266X197,19266,197,NA,NA,sample,5/15/21,D14,D14,infected,16_LLP,16,LLP,M,worm,HI,12/29/20,4/16/21,4/10/21,NA,SouthBio,NA,,NA,exp,NA,NA,0,3128,Rerun,17,12,72,801,3.324470308,7.434921768,72,16_LLP_D14,16D14
16_LLP_pre,19267X66,19267,66,1,66,sample,4/24/21,D14,D-5,pretreat,16_LLP,16,LLP,M,worm,HI,12/29/20,4/16/21,4/10/21,116,SouthBio,14,F6,NA,exp,NA,66,43582,NA,Original_Lane2,NA,NA,218,20456,3.487050345,12.88989552,218,16_LLP_pre,16D-5
16_RLP_D1,19266X74,19266,74,2,13,sample,5/1/21,D14,D1,infected,16_RLP,16,RLP,M,worm,HI,12/29/20,4/16/21,4/10/21,123,SouthBio,21,E2,NA,exp,NA,74,59371,NA,Original_Lane1,NA,NA,256,18229,4.014315337,13.44993538,256,16_RLP_D1,16D1
16_RLP_D10,19266X46,19266,46,2,74,sample,5/10/21,D14,D10,infected,16_RLP,16,RLP,M,worm,HI,12/29/20,4/16/21,4/10/21,132,SouthBio,30,B10,NA,exp,NA,46,44783,NA,Original_Lane1,NA,NA,286,17192,4.13657468,14.28965965,286,16_RLP_D10,16D10
16_RLP_D14,19266X209,19266,209,NA,NA,sample,5/15/21,D14,D14,infected,16_RLP,16,RLP,M,worm,HI,12/29/20,4/16/21,4/10/21,NA,SouthBio,NA,,NA,exp,NA,NA,0,54950,Rerun,18,13,257,18851,3.603425283,13.56295228,257,16_RLP_D14,16D14
16_RLP_pre,19266X6,19266,6,1,78,sample,4/24/21,D14,D-5,pretreat,16_RLP,16,RLP,M,worm,HI,12/29/20,4/16/21,4/10/21,116,SouthBio,14,G6,NA,exp,NA,6,66587,NA,Original_Lane1,NA,NA,262,29226,3.546062548,14.14422646,262,16_RLP_pre,16D-5
17_LLP_D1,19266X86,19266,86,2,14,sample,5/1/21,D41,D1,infected,17_LLP,17,LLP,F,worm,HI,1/25/21,4/16/21,4/10/21,96,SouthBio,21,F2,NA,exp,NA,86,41270,NA,Original_Lane1,NA,NA,186,13592,3.384387018,11.12277305,186,17_LLP_D1,17D1
17_LLP_D10,19266X58,19266,58,2,75,sample,5/10/21,D41,D10,infected,17_LLP,17,LLP,F,worm,HI,1/25/21,4/16/21,4/10/21,105,SouthBio,30,C10,NA,exp,NA,58,44727,NA,Original_Lane1,NA,NA,308,16497,4.181368661,13.67682129,308,17_LLP_D10,17D10
17_LLP_D14,19266X126,19266,126,3,41,sample,5/15/21,D41,D14,infected,17_LLP,17,LLP,F,worm,HI,1/25/21,4/16/21,4/10/21,110,SouthBio,35,A6,NA,exp,NA,126,234,64249,Rerun,NA,NA,188,16633,3.199762641,11.84920774,188,17_LLP_D14,17D14
17_LLP_D28,19266X132,19266,132,3,89,sample,5/28/21,D41,D28,cleared,17_LLP,17,LLP,F,worm,HI,1/25/21,4/16/21,4/10/21,123,SouthBio,48,A12,NA,exp,NA,132,13631,NA,Original_Lane1,NA,NA,134,4315,3.527118613,9.69631419,134,17_LLP_D28,17D28
17_LLP_D41,19267X80,19267,80,4,57,sample,6/10/21,D41,D41,cleared,17_LLP,17,LLP,F,worm,HI,1/25/21,4/16/21,4/10/21,136,SouthBio,61,A8,NA,exp,NA,80,14501,NA,Original_Lane2,NA,33,146,5898,3.489222267,10.21410744,146,17_LLP_D41,17D41
17_LLP_pre,19266X18,19266,18,1,90,sample,4/24/21,D41,D-5,pretreat,17_LLP,17,LLP,F,worm,HI,1/25/21,4/16/21,4/10/21,89,SouthBio,14,H6,NA,exp,NA,18,13029,NA,Original_Lane1,NA,NA,120,4841,3.442663072,8.537453351,120,17_LLP_pre,17D-5
17_RLP_D1,19266X98,19266,98,2,15,sample,5/1/21,D41,D1,infected,17_RLP,17,RLP,F,worm,HI,1/25/21,4/16/21,4/10/21,96,SouthBio,21,G2,NA,exp,NA,98,76759,NA,Original_Lane1,NA,NA,233,22534,3.444242742,12.74089926,233,17_RLP_D1,17D1
17_RLP_D10,19266X70,19266,70,2,76,sample,5/10/21,D41,D10,infected,17_RLP,17,RLP,F,worm,HI,1/25/21,4/16/21,4/10/21,105,SouthBio,30,D10,NA,exp,NA,70,73273,NA,Original_Lane1,NA,NA,303,26795,3.800435638,14.34315172,303,17_RLP_D10,17D10
17_RLP_D14,19266X138,19266,138,3,42,sample,5/15/21,D41,D14,infected,17_RLP,17,RLP,F,worm,HI,1/25/21,4/16/21,4/10/21,110,SouthBio,35,B6,NA,exp,NA,138,453,39639,Rerun,NA,NA,287,16992,4.059096979,13.34410979,287,17_RLP_D14,17D14
17_RLP_D28,19266X144,19266,144,3,90,sample,5/28/21,D41,D28,cleared,17_RLP,17,RLP,F,worm,HI,1/25/21,4/16/21,4/10/21,123,SouthBio,48,B12,NA,exp,NA,144,18263,NA,Original_Lane1,NA,NA,147,4855,3.482259706,10.02966221,147,17_RLP_D28,17D28
17_RLP_D31,19267X87,19267,87,4,18,sample,5/31/21,D41,D31,cleared,17_RLP,17,RLP,F,worm,HI,1/25/21,4/16/21,4/10/21,126,SouthBio,51,B3,NA,exp,NA,87,12969,NA,Original_Lane2,NA,NA,148,4563,3.538291562,9.675322126,148,17_RLP_D31,17D31
17_RLP_D41,19267X92,19267,92,4,58,sample,6/10/21,D41,D41,cleared,17_RLP,17,RLP,F,worm,HI,1/25/21,4/16/21,4/10/21,136,SouthBio,61,B8,NA,exp,NA,92,14679,NA,Original_Lane2,19,34,162,4765,3.672727139,10.48967933,162,17_RLP_D41,17D41
17_RLP_pre,19267X7,19267,7,1,7,sample,4/24/21,D41,D-5,pretreat,17_RLP,17,RLP,F,worm,HI,1/25/21,4/16/21,4/10/21,89,SouthBio,14,A7,NA,exp,NA,7,112877,NA,Original_Lane2,NA,NA,283,38746,3.63199802,13.78411962,283,17_RLP_pre,17D-5
17_RRP_D1,19266X110,19266,110,2,16,sample,5/1/21,D14,D1,infected,17_RRP,17,RRP,F,worm,HI,1/25/21,4/16/21,4/10/21,96,SouthBio,21,H2,NA,exp,NA,110,56105,NA,Original_Lane1,NA,NA,225,19182,3.559654047,13.00063319,225,17_RRP_D1,17D1
17_RRP_D10,19266X82,19266,82,2,77,sample,5/10/21,D14,D10,infected,17_RRP,17,RRP,F,worm,HI,1/25/21,4/16/21,4/10/21,105,SouthBio,30,E10,NA,exp,NA,82,58858,NA,Original_Lane1,NA,NA,275,19963,3.705212636,13.37020115,275,17_RRP_D10,17D10
17_RRP_D14,19266X150,19266,150,3,43,sample,5/14/21,D14,D14,infected,17_RRP,17,RRP,F,worm,HI,1/25/21,4/16/21,4/10/21,109,SouthBio,34,C6,NA,exp,NA,150,252,63501,Rerun,NA,14,208,16686,3.451964132,12.35645686,208,17_RRP_D14,17D14
17_RRP_pre,19267X19,19267,19,1,19,sample,4/24/21,D14,D-5,pretreat,17_RRP,17,RRP,F,worm,HI,1/25/21,4/16/21,4/10/21,89,SouthBio,14,B7,NA,exp,NA,19,58102,NA,Original_Lane2,NA,NA,204,23471,3.481952501,12.38733516,204,17_RRP_pre,17D-5
18_LP_D1,19266X27,19266,27,2,17,sample,5/1/21,D41,D1,infected,18_LP,18,LP,F,worm,HI,1/25/21,4/16/21,4/10/21,96,SouthBio,21,A3,NA,exp,NA,27,50904,NA,Original_Lane1,NA,NA,259,21054,3.968955085,13.84131798,259,18_LP_D1,18D1
18_LP_D10,19266X94,19266,94,2,78,sample,5/10/21,D41,D10,infected,18_LP,18,LP,F,worm,HI,1/25/21,4/16/21,4/10/21,105,SouthBio,30,F10,NA,exp,NA,94,35875,NA,Original_Lane1,NA,NA,235,11818,4.02743036,12.74151802,235,18_LP_D10,18D10
18_LP_D14,19266X162,19266,162,3,44,sample,5/15/21,D41,D14,infected,18_LP,18,LP,F,worm,HI,1/25/21,4/16/21,4/10/21,110,SouthBio,35,D6,NA,exp,NA,162,370,35175,Rerun,NA,NA,184,10360,3.443449023,11.91789179,184,18_LP_D14,18D14
18_LP_D28,19266X156,19266,156,3,91,sample,5/28/21,D41,D28,cleared,18_LP,18,LP,F,worm,HI,1/25/21,4/16/21,4/10/21,123,SouthBio,48,C12,NA,exp,NA,156,10379,NA,Original_Lane1,NA,NA,74,3221,3.170955415,7.048256588,74,18_LP_D28,18D28
18_LP_D41,19267X104,19267,104,4,59,sample,6/10/21,D41,D41,cleared,18_LP,18,LP,F,worm,HI,1/25/21,4/16/21,4/10/21,136,SouthBio,61,C8,NA,exp,NA,104,8859,13424,Rerun,NA,NA,142,3629,3.457654895,9.690388042,142,18_LP_D41,18D41
18_LP_pre,19267X31,19267,31,1,31,sample,4/24/21,D41,D-5,pretreat,18_LP,18,LP,F,worm,HI,1/25/21,4/16/21,4/10/21,89,SouthBio,14,C7,NA,exp,NA,31,456,35128,Rerun,NA,NA,200,8430,3.661059256,12.23672259,200,18_LP_pre,18D-5
18_RLP_D1,19266X39,19266,39,2,18,sample,5/1/21,D41,D1,infected,18_RLP,18,RLP,F,worm,HI,1/25/21,4/16/21,4/10/21,96,SouthBio,21,B3,NA,exp,NA,39,60424,NA,Original_Lane1,NA,NA,78,26835,2.599082289,6.789818217,78,18_RLP_D1,18D1
18_RLP_D10,19266X106,19266,106,2,79,sample,5/10/21,D41,D10,infected,18_RLP,18,RLP,F,worm,HI,1/25/21,4/16/21,4/10/21,105,SouthBio,30,G10,NA,exp,NA,106,59162,NA,Original_Lane1,NA,NA,136,22628,3.09068589,8.959965925,136,18_RLP_D10,18D10
18_RLP_D14,19266X174,19266,174,3,45,sample,5/15/21,D41,D14,infected,18_RLP,18,RLP,F,worm,HI,1/25/21,4/16/21,4/10/21,110,SouthBio,35,E6,NA,exp,NA,174,275,41215,Rerun,7,NA,112,11120,3.354041799,7.569744358,112,18_RLP_D14,18D14
18_RLP_D28,19266X168,19266,168,3,92,sample,5/28/21,D41,D28,cleared,18_RLP,18,RLP,F,worm,HI,1/25/21,4/16/21,4/10/21,123,SouthBio,48,D12,NA,exp,NA,168,23414,NA,Original_Lane1,NA,NA,84,5583,3.383387982,6.322127099,84,18_RLP_D28,18D28
18_RLP_D41,19267X116,19267,116,4,60,sample,6/10/21,D41,D41,cleared,18_RLP,18,RLP,F,worm,HI,1/25/21,4/16/21,4/10/21,136,SouthBio,61,D8,NA,exp,NA,116,14671,NA,Original_Lane2,NA,35,76,5321,3.224107599,6.172082343,76,18_RLP_D41,18D41
18_RLP_pre,19267X43,19267,43,1,43,sample,4/24/21,D41,D-5,pretreat,18_RLP,18,RLP,F,worm,HI,1/25/21,4/16/21,4/10/21,89,SouthBio,14,D7,NA,exp,NA,43,73572,NA,Original_Lane2,NA,NA,109,23389,3.09927652,8.412225142,109,18_RLP_pre,18D-5
18_RP_D1,19266X51,19266,51,2,19,sample,5/1/21,D14,D1,infected,18_RP,18,RP,F,worm,HI,1/25/21,4/16/21,4/10/21,96,SouthBio,21,C3,NA,exp,NA,51,81578,NA,Original_Lane1,NA,NA,306,34447,4.133743898,14.93459575,306,18_RP_D1,18D1
18_RP_D10,19266X118,19266,118,2,80,sample,5/10/21,D14,D10,infected,18_RP,18,RP,F,worm,HI,1/25/21,4/16/21,4/10/21,105,SouthBio,30,H10,NA,exp,NA,118,45379,NA,Original_Lane1,NA,NA,156,17612,3.333168345,10.1117727,156,18_RP_D10,18D10
18_RP_D14,19266X186,19266,186,3,46,sample,5/14/21,D14,D14,infected,18_RP,18,RP,F,worm,HI,1/25/20,4/16/21,4/10/21,109,SouthBio,35,F6,NA,exp,NA,186,178,7871,Rerun,20,15,132,2763,3.707729569,9.701746395,132,18_RP_D14,18D14
18_RP_pre,19267X55,19267,55,1,55,sample,4/24/21,D14,D-5,pretreat,18_RP,18,RP,F,worm,HI,1/25/21,4/16/21,4/10/21,89,SouthBio,14,E7,NA,exp,NA,55,104725,NA,Original_Lane2,NA,NA,333,43782,3.943832521,15.51559636,333,18_RP_pre,18D-5
18_RRP_D1,19266X63,19266,63,2,20,sample,5/1/21,D41,D1,infected,18_RRP,18,RRP,F,worm,HI,1/25/21,4/16/21,4/10/21,96,SouthBio,21,D3,NA,exp,NA,63,131480,NA,Original_Lane1,NA,NA,346,54520,4.169835377,15.52655814,346,18_RRP_D1,18D1
18_RRP_D10,19266X35,19266,35,2,81,sample,5/10/21,D41,D10,infected,18_RRP,18,RRP,F,worm,HI,1/25/21,4/16/21,4/10/21,105,SouthBio,30,A11,NA,exp,NA,35,83145,NA,Original_Lane1,NA,NA,214,22308,3.528259291,12.26048323,214,18_RRP_D10,18D10
18_RRP_D14,19266X198,19266,198,3,47,sample,5/15/21,D41,D14,infected,18_RRP,18,RRP,F,worm,HI,1/25/21,4/16/21,4/10/21,110,SouthBio,35,G6,NA,exp,NA,198,194,51717,Rerun,NA,NA,206,15773,3.477011287,12.63181741,206,18_RRP_D14,18D14
18_RRP_D28,19266X180,19266,180,3,93,sample,5/28/21,D41,D28,cleared,18_RRP,18,RRP,F,worm,HI,1/25/21,4/16/21,4/10/21,123,SouthBio,48,E12,NA,exp,NA,180,16370,NA,Original_Lane1,NA,NA,96,4807,3.31968645,8.138571928,96,18_RRP_D28,18D28
18_RRP_D31,19267X99,19267,99,4,19,sample,5/31/21,D41,D31,cleared,18_RRP,18,RRP,F,worm,HI,1/25/21,4/16/21,4/10/21,126,SouthBio,51,C3,NA,exp,NA,99,8075,NA,Original_Lane2,NA,NA,114,3112,3.581973272,8.890488836,114,18_RRP_D31,18D31
18_RRP_D41,19267X128,19267,128,4,61,sample,6/10/21,D41,D41,cleared,18_RRP,18,RRP,F,worm,HI,1/25/21,4/16/21,4/10/21,136,SouthBio,61,E8,NA,exp,NA,128,10535,NA,Original_Lane2,21,36,127,3503,3.569992154,9.172195958,127,18_RRP_D41,18D41
18_RRP_pre,19267X67,19267,67,1,67,sample,4/24/21,D41,D-5,pretreat,18_RRP,18,RRP,F,worm,HI,1/25/21,4/16/21,4/10/21,89,SouthBio,14,F7,NA,exp,NA,67,69745,NA,Original_Lane2,NA,NA,196,25702,3.349355282,12.10417437,196,18_RRP_pre,18D-5
19_LP_D1,19266X75,19266,75,2,21,sample,5/1/21,D41,D1,infected,19_LP,19,LP,M,worm,HI,1/25/21,4/16/21,4/10/21,96,SouthBio,21,E3,NA,exp,NA,75,76272,NA,Original_Lane1,NA,NA,253,30156,3.616982205,13.35934338,253,19_LP_D1,19D1
19_LP_D10,19266X47,19266,47,2,82,sample,5/10/21,D41,D10,infected,19_LP,19,LP,M,worm,HI,1/25/21,4/16/21,4/10/21,105,SouthBio,30,B11,NA,exp,NA,47,103109,NA,Original_Lane1,NA,NA,221,34315,3.201273117,12.43094746,221,19_LP_D10,19D10
19_LP_D14,19266X210,19266,210,3,48,sample,5/15/21,D41,D14,infected,19_LP,19,LP,M,worm,HI,1/25/21,4/16/21,4/10/21,110,SouthBio,35,H6,NA,exp,NA,210,98,54195,Rerun,NA,NA,264,18589,3.854103173,13.50923202,264,19_LP_D14,19D14
19_LP_D28,19266X192,19266,192,3,94,sample,5/28/21,D41,D28,cleared,19_LP,19,LP,M,worm,HI,1/25/21,4/16/21,4/10/21,123,SouthBio,48,F12,NA,exp,NA,192,9269,NA,Original_Lane1,NA,NA,106,2663,3.449590263,8.36272921,106,19_LP_D28,19D28
19_LP_D31,19267X111,19267,111,4,20,sample,5/31/21,D41,D31,cleared,19_LP,19,LP,M,worm,HI,1/25/21,4/16/21,4/10/21,126,SouthBio,51,D3,NA,exp,NA,111,9236,NA,Original_Lane2,NA,NA,143,3500,3.64600603,10.22678441,143,19_LP_D31,19D31
19_LP_D41,19267X139,19267,139,4,62,sample,6/10/21,D41,D41,cleared,19_LP,19,LP,M,worm,HI,1/25/21,4/16/21,4/10/21,136,SouthBio,61,F8,NA,exp,NA,139,7228,64442,Rerun,22,38,295,19163,3.993519825,14.45589217,295,19_LP_D41,19D41
19_LP_pre,19266X7,19266,7,1,79,sample,4/24/21,D41,D-5,pretreat,19_LP,19,LP,M,worm,HI,1/25/21,4/16/21,4/10/21,89,SouthBio,14,G7,NA,exp,NA,7,134935,NA,Original_Lane1,NA,NA,275,48677,3.640478801,14.40067926,275,19_LP_pre,19D-5
19_RLP_D1,19266X87,19266,87,2,22,sample,5/1/21,D14,D1,infected,19_RLP,19,RLP,M,worm,HI,1/25/21,4/16/21,4/10/21,96,SouthBio,21,F3,NA,exp,NA,87,65362,NA,Original_Lane1,NA,NA,260,27229,3.874171269,13.87826655,260,19_RLP_D1,19D1
19_RLP_D10,19266X59,19266,59,2,83,sample,5/10/21,D14,D10,infected,19_RLP,19,RLP,M,worm,HI,1/25/21,4/16/21,4/10/21,105,SouthBio,30,C11,NA,exp,NA,59,102530,NA,Original_Lane1,NA,NA,284,29737,3.770610723,13.80999968,284,19_RLP_D10,19D10
19_RLP_D14,19266X127,19266,127,3,49,sample,5/14/21,D14,D14,infected,19_RLP,19,RLP,M,worm,HI,1/25/21,4/16/21,4/10/21,109,SouthBio,34,A7,NA,exp,NA,127,7187,37066,Rerun,23,16,281,14034,4.249489172,13.88082527,281,19_RLP_D14,19D14
19_RLP_pre,19266X19,19266,19,1,91,sample,4/24/21,D14,D-5,pretreat,19_RLP,19,RLP,M,worm,HI,1/25/21,4/16/21,4/10/21,89,SouthBio,14,H7,NA,exp,NA,19,23068,NA,Original_Lane1,NA,NA,199,9388,3.663089108,11.35571903,199,19_RLP_pre,19D-5
19_RP_D1,19266X99,19266,99,2,23,sample,5/1/21,D41,D1,infected,19_RP,19,RP,M,worm,HI,1/25/21,4/16/21,4/10/21,96,SouthBio,21,G3,NA,exp,NA,99,121816,NA,Original_Lane1,NA,NA,333,52122,3.940641908,15.51471858,333,19_RP_D1,19D1
19_RP_D10,19266X71,19266,71,2,84,sample,5/10/21,D41,D10,infected,19_RP,19,RP,M,worm,HI,1/25/21,4/16/21,4/10/21,105,SouthBio,30,D11,NA,exp,NA,71,119253,NA,Original_Lane1,NA,NA,197,33078,3.517854375,12.04591962,197,19_RP_D10,19D10
19_RP_D14,19266X139,19266,139,3,50,sample,5/15/21,D41,D14,infected,19_RP,19,RP,M,worm,HI,1/25/21,4/16/21,4/10/21,110,SouthBio,35,B7,NA,exp,NA,139,10349,NA,Original_Lane1,NA,NA,172,3326,3.949377592,10.75918856,172,19_RP_D14,19D14
19_RP_D28,19266X204,19266,204,3,95,sample,5/28/21,D41,D28,cleared,19_RP,19,RP,M,worm,HI,1/25/21,4/16/21,4/10/21,123,SouthBio,48,G12,NA,exp,NA,204,9246,NA,Original_Lane1,NA,NA,104,2745,3.387745562,8.696241971,104,19_RP_D28,19D28
19_RP_D41,19267X150,19267,150,4,63,sample,6/10/21,D41,D41,cleared,19_RP,19,RP,M,worm,HI,1/25/21,4/16/21,4/10/21,136,SouthBio,61,G8,NA,exp,NA,150,7157,28691,Rerun,24,37,240,9196,4.013303751,12.57456381,240,19_RP_D41,19D41
19_RP_pre,19267X8,19267,8,1,8,sample,4/24/21,D41,D-5,pretreat,19_RP,19,RP,M,worm,HI,1/25/21,4/16/21,4/10/21,89,SouthBio,14,A8,NA,exp,NA,8,112184,NA,Original_Lane2,NA,NA,358,48500,4.296606873,16.03644327,358,19_RP_pre,19D-5
2_RLP_D1,19266X20,19266,20,1,92,sample,5/1/21,D14,D1,infected,2_RLP,2,RLP,M,worm,LO,1/9/21,4/16/21,2/10/21,112,SouthBio,80,H8,NA,exp,NA,20,19959,NA,Original_Lane1,NA,NA,25,9884,2.037744092,3.56994762,25,2_RLP_D1,2D1
2_RLP_D10,19266X88,19266,88,2,30,sample,5/10/21,D14,D10,infected,2_RLP,2,RLP,M,worm,LO,1/9/21,3/23/21,2/10/21,121,SouthBio,89,F4,NA,exp,NA,88,46264,NA,Original_Lane1,NA,NA,77,15769,2.431608957,6.643575377,77,2_RLP_D10,2D10
2_RLP_D14,19266X60,19266,60,2,91,sample,5/14/21,D14,D14,infected,2_RLP,2,RLP,M,worm,LO,1/9/21,3/23/21,2/10/21,125,SouthBio,93,C12,NA,exp,NA,60,26188,NA,Original_Lane1,NA,3,70,11519,2.084291244,5.88651888,70,2_RLP_D14,2D14
2_RLP_pre,19267X25,19267,25,1,25,sample,4/24/21,D14,D-5,pretreat,2_RLP,2,RLP,M,worm,LO,1/9/21,4/16/21,2/10/21,105,SouthBio,73,C1,NA,exp,NA,25,34402,NA,Original_Lane2,NA,NA,19,18191,1.903432028,2.747492697,19,2_RLP_pre,2D-5
20_LP_D1,19266X111,19266,111,2,24,sample,5/1/21,D41,D1,infected,20_LP,20,LP,M,control,HI,12/29/20,4/16/21,4/10/21,123,SouthBio,21,H3,NA,exp,NA,111,59407,NA,Original_Lane1,NA,NA,205,26630,3.348702177,12.34334655,205,20_LP_D1,20D1
20_LP_D10,19266X83,19266,83,2,85,sample,5/10/21,D41,D10,infected,20_LP,20,LP,M,control,HI,12/29/20,4/16/21,4/10/21,132,SouthBio,30,E11,NA,exp,NA,83,117467,NA,Original_Lane1,NA,NA,332,26880,4.354495133,14.74172223,332,20_LP_D10,20D10
20_LP_D14,19266X151,19266,151,3,51,sample,5/15/21,D41,D14,infected,20_LP,20,LP,M,control,HI,12/29/20,4/16/21,4/10/21,137,SouthBio,35,C7,NA,exp,NA,151,6292,14652,Rerun,NA,NA,205,3693,4.010972411,11.62935386,205,20_LP_D14,20D14
20_LP_D28,19266X216,19266,216,3,96,sample,5/28/21,D41,D28,cleared,20_LP,20,LP,M,control,HI,12/29/20,4/16/21,4/10/21,150,SouthBio,48,H12,NA,exp,NA,216,9123,NA,Original_Lane1,NA,NA,151,2866,3.74858256,10.25042477,151,20_LP_D28,20D28
20_LP_D41,19267X161,19267,161,4,64,sample,6/10/21,D41,D41,cleared,20_LP,20,LP,M,control,HI,12/29/20,4/16/21,4/10/21,163,SouthBio,61,H8,NA,exp,NA,161,3781,37809,Rerun,NA,39,206,11373,3.592780685,12.34695468,206,20_LP_D41,20D41
20_LP_pre,19267X20,19267,20,1,20,sample,4/24/21,D41,D-5,pretreat,20_LP,20,LP,M,control,HI,12/29/20,4/16/21,4/10/21,116,SouthBio,14,B8,NA,exp,NA,20,54934,NA,Original_Lane2,NA,NA,280,26109,3.567499175,13.83015371,280,20_LP_pre,20D-5
20_RP_D1,19266X28,19266,28,2,25,sample,5/1/21,D41,D1,infected,20_RP,20,RP,M,control,HI,12/29/20,4/16/21,4/10/21,123,SouthBio,21,A4,NA,exp,NA,28,55982,NA,Original_Lane1,NA,NA,233,20162,3.480882903,13.17896818,233,20_RP_D1,20D1
20_RP_D10,19266X95,19266,95,2,86,sample,5/10/21,D41,D10,infected,20_RP,20,RP,M,control,HI,12/29/20,4/16/21,4/10/21,132,SouthBio,30,F11,NA,exp,NA,95,89898,NA,Original_Lane1,NA,NA,282,24787,3.926864214,13.57615019,282,20_RP_D10,20D10
20_RP_D14,19266X163,19266,163,3,52,sample,5/15/21,D41,D14,infected,20_RP,20,RP,M,control,HI,12/29/20,4/16/21,4/10/21,137,SouthBio,35,D7,NA,exp,NA,163,10662,NA,Original_Lane1,NA,NA,157,3416,3.782961727,10.32086774,157,20_RP_D14,20D14
20_RP_D28,19267X73,19267,73,4,1,sample,5/28/21,D41,D28,cleared,20_RP,20,RP,M,control,HI,12/29/20,4/16/21,4/10/21,150,SouthBio,48,A1,NA,exp,NA,73,5026,NA,Original_Lane2,NA,NA,86,2238,3.14435059,7.650863599,86,20_RP_D28,20D28
20_RP_D31,19267X123,19267,123,4,21,sample,5/31/21,D41,D31,cleared,20_RP,20,RP,M,control,HI,12/29/20,4/16/21,4/10/21,153,SouthBio,51,E3,NA,exp,NA,123,8953,NA,Original_Lane2,NA,NA,216,3350,4.231791488,12.2141059,216,20_RP_D31,20D31
20_RP_D41,19267X81,19267,81,4,65,sample,6/10/21,D41,D41,cleared,20_RP,20,RP,M,control,HI,12/29/20,4/16/21,4/10/21,163,SouthBio,61,A9,NA,exp,NA,81,8997,34679,Rerun,NA,40,165,9941,3.079593962,11.62182133,165,20_RP_D41,20D41
20_RP_pre,19267X32,19267,32,1,32,sample,4/24/21,D41,D-5,pretreat,20_RP,20,RP,M,control,HI,12/29/20,4/16/21,4/10/21,116,SouthBio,14,C8,NA,exp,NA,32,71280,NA,Original_Lane2,NA,NA,332,32936,4.086729843,15.59306511,332,20_RP_pre,20D-5
21_LP_D1,19266X40,19266,40,2,26,sample,5/1/21,D41,D1,infected,21_LP,21,LP,F,control,HI,1/25/21,4/16/21,4/10/21,96,SouthBio,21,B4,NA,exp,NA,40,88178,NA,Original_Lane1,NA,NA,281,33410,3.571358262,13.87179977,281,21_LP_D1,21D1
21_LP_D10,19266X107,19266,107,2,87,sample,5/10/21,D41,D10,infected,21_LP,21,LP,F,control,HI,1/25/21,4/16/21,4/10/21,105,SouthBio,30,G11,NA,exp,NA,107,146935,NA,Original_Lane1,NA,NA,365,46965,4.438139198,15.7961996,365,21_LP_D10,21D10
21_LP_D14,19266X175,19266,175,3,53,sample,5/15/21,D41,D14,infected,21_LP,21,LP,F,control,HI,1/25/21,4/16/21,4/10/21,110,SouthBio,35,E7,NA,exp,NA,175,8517,43360,Rerun,NA,NA,276,16372,3.569634812,13.6881991,276,21_LP_D14,21D14
21_LP_D28,19267X85,19267,85,4,2,sample,5/28/21,D41,D28,cleared,21_LP,21,LP,F,control,HI,1/25/21,4/16/21,4/10/21,123,SouthBio,48,B1,NA,exp,NA,85,6761,NA,Original_Lane2,NA,NA,117,2409,3.480276501,8.45924379,117,21_LP_D28,21D28
21_LP_D31,19267X134,19267,134,4,22,sample,5/31/21,D41,D31,cleared,21_LP,21,LP,F,control,HI,1/25/21,4/16/21,4/10/21,126,SouthBio,51,F3,NA,exp,NA,134,5397,NA,Original_Lane2,NA,NA,105,1821,3.364831089,7.937680552,105,21_LP_D31,21D31
21_LP_D41,19267X93,19267,93,4,66,sample,6/10/21,D41,D41,cleared,21_LP,21,LP,F,control,HI,1/25/21,4/16/21,4/10/21,136,SouthBio,61,B9,NA,exp,NA,93,11414,NA,Original_Lane2,NA,41,82,3661,3.348525496,7.504980393,82,21_LP_D41,21D41
21_LP_pre,19267X44,19267,44,1,44,sample,4/24/21,D41,D-5,pretreat,21_LP,21,LP,F,control,HI,1/25/21,4/16/21,4/10/21,89,SouthBio,14,D8,NA,exp,NA,44,86210,NA,Original_Lane2,NA,NA,291,40579,3.828584353,14.65065303,291,21_LP_pre,21D-5
21_RP_D1,19266X52,19266,52,2,27,sample,5/1/21,D41,D1,infected,21_RP,21,RP,F,control,HI,1/25/21,4/16/21,4/10/21,96,SouthBio,21,C4,NA,exp,NA,52,64608,NA,Original_Lane1,NA,NA,318,21041,4.068998556,14.79229028,318,21_RP_D1,21D1
21_RP_D10,19266X119,19266,119,2,88,sample,5/10/21,D41,D10,infected,21_RP,21,RP,F,control,HI,1/25/21,4/16/21,4/10/21,105,SouthBio,30,H11,NA,exp,NA,119,96215,NA,Original_Lane1,NA,NA,329,20553,4.484345961,14.13585724,329,21_RP_D10,21D10
21_RP_D14,19266X187,19266,187,3,54,sample,5/15/21,D41,D14,infected,21_RP,21,RP,F,control,HI,1/25/21,4/16/21,4/10/21,110,SouthBio,35,F7,NA,exp,NA,187,4179,26509,Rerun,NA,NA,307,10440,4.410235551,13.48966894,307,21_RP_D14,21D14
21_RP_D28,19267X97,19267,97,4,3,sample,5/28/21,D41,D28,cleared,21_RP,21,RP,F,control,HI,1/25/21,4/16/21,4/10/21,123,SouthBio,48,C1,NA,exp,NA,97,4213,44550,Rerun,NA,NA,276,18086,3.755568696,13.46452147,276,21_RP_D28,21D28
21_RP_D41,19267X105,19267,105,4,67,sample,6/10/21,D41,D41,cleared,21_RP,21,RP,F,control,HI,1/25/21,4/16/21,4/10/21,136,SouthBio,61,C9,NA,exp,NA,105,7315,10767,Rerun,NA,42,153,4245,3.512398065,10.26460741,153,21_RP_D41,21D41
21_RP_pre,19267X56,19267,56,1,56,sample,4/24/21,D41,D-5,pretreat,21_RP,21,RP,F,control,HI,1/25/21,4/16/21,4/10/21,89,SouthBio,14,E8,NA,exp,NA,56,113318,NA,Original_Lane2,NA,NA,302,55024,3.814793987,14.977493,302,21_RP_pre,21D-5
3_1,18684X173,18684,173,6,NA,breeder,NA,none,none,other,pretreat_bubble,a1_Female,NA,F,pretreat_bubble,M13.H8.B2.K11,NA,NA,NA,NA,NA,NA,NA,no_sep,P0_fecal_t1,3Days_PostGavage1_Aerobes,173,NA,NA,Prerun,NA,NA,9,10094,0.191084365,2.028707535,9,3_1,a1_Femalenone
3_2,18684X174,18684,174,6,NA,breeder,NA,none,none,other,pretreat_bubble,a2_Female,NA,F,pretreat_bubble,M13.H8.B2.K11,NA,NA,NA,NA,NA,NA,NA,no_sep,P0_fecal_t1,3Days_PostGavage1_Aerobes,174,NA,NA,Prerun,NA,NA,5,7103,0.134657061,1.303794598,5,3_2,a2_Femalenone
3_3,18684X175,18684,175,6,NA,breeder,NA,none,none,other,pretreat_bubble,a3_Male,NA,M,pretreat_bubble,M13.H8.B2.K11,NA,NA,NA,NA,NA,NA,NA,no_sep,P0_fecal_t1,3Days_PostGavage1_Aerobes,175,NA,NA,Prerun,NA,NA,12,22318,0.130768372,2.391680975,12,3_3,a3_Malenone
3_RLP_D1,19267X9,19267,9,1,9,sample,5/1/21,D41,D1,infected,3_RLP,3,RLP,F,worm,LO,1/3/21,3/23/21,2/10/21,118,SouthBio,80,A9,NA,exp,NA,9,110030,NA,Original_Lane2,NA,NA,39,59135,2.018200342,4.230573772,39,3_RLP_D1,3D1
3_RLP_D10,19266X100,19266,100,2,31,sample,5/10/21,D41,D10,infected,3_RLP,3,RLP,F,worm,LO,1/3/21,3/23/21,2/10/21,127,SouthBio,89,G4,NA,exp,NA,100,90115,NA,Original_Lane1,NA,NA,66,35710,2.339779754,6.110146472,66,3_RLP_D10,3D10
3_RLP_D14,19266X72,19266,72,2,92,sample,5/15/21,D41,D14,infected,3_RLP,3,RLP,F,worm,LO,1/3/21,3/23/21,2/10/21,132,SouthBio,94,D12,NA,exp,NA,72,38802,NA,Original_Lane1,NA,NA,68,17804,2.120221264,5.888857162,68,3_RLP_D14,3D14
3_RLP_D28,19266X199,19266,199,3,55,sample,5/28/21,D41,D28,cleared,3_RLP,3,RLP,F,worm,LO,1/3/21,3/23/21,2/10/21,145,SouthBio,107,G7,NA,exp,NA,199,4201,35241,Rerun,NA,NA,68,17652,2.124025117,5.316772747,68,3_RLP_D28,3D28
3_RLP_D31,19267X109,19267,109,4,4,sample,5/31/21,D41,D31,cleared,3_RLP,3,RLP,F,worm,LO,1/3/21,3/23/21,2/10/21,148,SouthBio,110,D1,NA,exp,NA,109,6162,NA,Original_Lane2,NA,NA,43,3225,2.121605633,4.491133707,43,3_RLP_D31,3D31
3_RLP_D41,19267X145,19267,145,4,23,sample,6/10/21,D41,D41,cleared,3_RLP,3,RLP,F,worm,LO,1/3/21,3/23/21,2/10/21,158,SouthBio,120,G3,NA,exp,NA,145,5622,12274,Rerun,NA,NA,49,6029,2.043181633,4.763038822,49,3_RLP_D41,3D41
3_RLP_pre,19267X37,19267,37,1,37,sample,4/24/21,D41,D-5,pretreat,3_RLP,3,RLP,F,worm,LO,1/3/21,3/23/21,2/10/21,111,SouthBio,73,D1,NA,exp,NA,37,52761,NA,Original_Lane2,NA,NA,25,27694,2.049956571,2.9856387,25,3_RLP_pre,3D-5
3_RP_D1,19267X21,19267,21,1,21,sample,5/1/21,D41,D1,infected,3_RP,3,RP,F,worm,LO,1/3/21,3/23/21,2/10/21,118,SouthBio,80,B9,NA,exp,NA,21,33171,NA,Original_Lane2,NA,NA,38,18422,2.035234559,4.214549725,38,3_RP_D1,3D1
3_RP_D10,19266X112,19266,112,2,32,sample,5/10/21,D41,D10,infected,3_RP,3,RP,F,worm,LO,1/3/21,3/23/21,2/10/21,127,SouthBio,89,H4,NA,exp,NA,112,60442,NA,Original_Lane1,NA,NA,69,21584,2.212329115,6.363462979,69,3_RP_D10,3D10
3_RP_D14,19266X84,19266,84,2,93,sample,5/15/21,D41,D14,infected,3_RP,3,RP,F,worm,LO,1/3/21,3/23/21,2/10/21,132,SouthBio,94,E12,NA,exp,NA,84,39337,NA,Original_Lane1,NA,NA,60,11933,2.692823609,5.570191822,60,3_RP_D14,3D14
3_RP_D28,19266X211,19266,211,3,56,sample,5/28/21,D41,D28,cleared,3_RP,3,RP,F,worm,LO,1/3/21,3/23/21,2/10/21,145,SouthBio,107,H7,NA,exp,NA,211,2291,74100,Rerun,NA,NA,71,29806,2.077630804,5.81723449,71,3_RP_D28,3D28
3_RP_D41,19267X156,19267,156,4,24,sample,6/10/21,D41,D41,cleared,3_RP,3,RP,F,worm,LO,1/3/21,3/23/21,2/10/21,158,SouthBio,120,H3,NA,exp,NA,156,3072,54374,Rerun,NA,NA,79,24978,2.094794241,5.894878518,79,3_RP_D41,3D41
3_RP_pre,19267X49,19267,49,1,49,sample,4/24/21,D41,D-5,pretreat,3_RP,3,RP,F,worm,LO,1/3/21,3/23/21,2/10/21,111,SouthBio,73,E1,NA,exp,NA,49,69586,NA,Original_Lane2,NA,NA,26,37887,1.843258027,2.806106533,26,3_RP_pre,3D-5
4_LP20_D1,19267X33,19267,33,1,33,sample,5/1/21,D41,D1,infected,4_LP20,4,LP20,F,worm,LO,1/18/21,3/23/21,2/25/21,103,SouthBio,65,C9,NA,exp,NA,33,46242,NA,Original_Lane2,NA,NA,39,22551,2.036132836,3.969219375,39,4_LP20_D1,4D1
4_LP20_D10,19266X29,19266,29,2,33,sample,5/10/21,D41,D10,infected,4_LP20,4,LP20,F,worm,LO,1/18/21,3/23/21,2/25/21,112,SouthBio,74,A5,NA,exp,NA,29,38430,NA,Original_Lane1,NA,NA,91,17248,2.515333638,6.577095899,91,4_LP20_D10,4D10
4_LP20_D14,19266X96,19266,96,2,94,sample,5/15/21,D41,D14,infected,4_LP20,4,LP20,F,worm,LO,1/18/21,3/23/21,2/25/21,117,SouthBio,79,F12,NA,exp,NA,96,21479,NA,Original_Lane1,NA,NA,80,8861,2.650111002,6.322438561,80,4_LP20_D14,4D14
4_LP20_D28,19266X128,19266,128,3,57,sample,5/28/21,D41,D28,cleared,4_LP20,4,LP20,F,worm,LO,1/18/21,3/23/21,2/25/21,130,SouthBio,92,A8,NA,exp,NA,128,10161,NA,Original_Lane1,NA,NA,66,4344,2.23445662,5.896299877,66,4_LP20_D28,4D28
4_LP20_D41,19267X76,19267,76,4,25,sample,6/10/21,D41,D41,cleared,4_LP20,4,LP20,F,worm,LO,1/18/21,3/23/21,2/25/21,143,SouthBio,105,A4,NA,exp,NA,76,9220,NA,Original_Lane2,NA,17,57,4304,2.109947226,4.893255858,57,4_LP20_D41,4D41
4_LP20_pre,19267X61,19267,61,1,61,sample,4/24/21,D41,D-5,pretreat,4_LP20,4,LP20,F,worm,LO,1/18/21,3/23/21,2/25/21,96,SouthBio,58,F1,NA,exp,NA,61,66149,NA,Original_Lane2,NA,NA,26,33287,2.042020714,2.905600963,26,4_LP20_pre,4D-5
4_LP30_D1,19267X45,19267,45,1,45,sample,5/1/21,D41,D1,infected,4_LP30,4,LP30,F,worm,LO,1/18/21,3/23/21,2/25/21,103,SouthBio,65,D9,NA,exp,NA,45,92865,NA,Original_Lane2,NA,NA,37,48960,1.998510497,3.670392266,37,4_LP30_D1,4D1
4_LP30_D10,19266X41,19266,41,2,34,sample,5/10/21,D41,D10,infected,4_LP30,4,LP30,F,worm,LO,1/18/21,3/23/21,2/25/21,112,SouthBio,74,B5,NA,exp,NA,41,54068,NA,Original_Lane1,NA,NA,106,24188,3.295310249,7.5216932,106,4_LP30_D10,4D10
4_LP30_D14,19266X108,19266,108,2,95,sample,5/15/21,D41,D14,infected,4_LP30,4,LP30,F,worm,LO,1/18/21,3/23/21,2/25/21,117,SouthBio,79,G12,NA,exp,NA,108,48414,NA,Original_Lane1,NA,NA,95,18936,3.078378678,6.755085653,95,4_LP30_D14,4D14
4_LP30_D28,19266X140,19266,140,3,58,sample,5/28/21,D41,D28,cleared,4_LP30,4,LP30,F,worm,LO,1/18/21,3/23/21,2/25/21,130,SouthBio,92,B8,NA,exp,NA,140,19342,NA,Original_Lane1,NA,NA,81,7790,2.441042995,5.977025866,81,4_LP30_D28,4D28
4_LP30_D41,19267X88,19267,88,4,26,sample,6/10/21,D41,D41,cleared,4_LP30,4,LP30,F,worm,LO,1/18/21,3/23/21,2/25/21,143,SouthBio,105,B4,NA,exp,NA,88,10330,NA,Original_Lane2,NA,NA,55,4731,2.09072191,5.194355361,55,4_LP30_D41,4D41
4_LP30_pre,19266X1,19266,1,1,73,sample,4/24/21,D41,D-5,pretreat,4_LP30,4,LP30,F,worm,LO,1/18/21,3/23/21,2/25/21,96,SouthBio,58,G1,NA,exp,NA,1,105191,NA,Original_Lane1,NA,NA,28,50278,1.895507484,3.026864919,28,4_LP30_pre,4D-5
4_RP1_D1,19267X57,19267,57,1,57,sample,5/1/21,D14,D1,infected,4_RP1,4,RP1,F,worm,LO,1/18/21,3/23/21,2/25/21,103,SouthBio,65,E9,NA,exp,NA,57,122445,NA,Original_Lane2,NA,NA,39,66566,1.943513905,4.069267217,39,4_RP1_D1,4D1
4_RP1_D10,19266X53,19266,53,2,35,sample,5/10/21,D14,D10,infected,4_RP1,4,RP1,F,worm,LO,1/18/21,3/23/21,2/25/21,112,SouthBio,74,C5,NA,exp,NA,53,57049,NA,Original_Lane1,NA,NA,98,21610,3.245312035,7.252610088,98,4_RP1_D10,4D10
4_RP1_D14,19266X121,19266,121,3,1,sample,5/14/21,D14,D14,infected,4_RP1,4,RP1,F,worm,LO,1/18/21,3/23/21,2/25/21,116,SouthBio,78,A1,NA,exp,NA,121,5352,56575,Rerun,1,4,99,29363,3.260510133,6.965880745,99,4_RP1_D14,4D14
4_RP1_pre,19266X13,19266,13,1,85,sample,4/24/21,D14,D-5,pretreat,4_RP1,4,RP1,F,worm,LO,1/18/21,3/23/21,2/25/21,96,SouthBio,58,H1,NA,exp,NA,13,26111,NA,Original_Lane1,NA,NA,28,11503,1.896110894,3.029679935,28,4_RP1_pre,4D-5
4_RP2_D1,19267X69,19267,69,1,69,sample,5/1/21,D41,D1,infected,4_RP2,4,RP2,F,worm,LO,1/18/21,3/23/21,2/25/21,103,SouthBio,65,F9,NA,exp,NA,69,74735,NA,Original_Lane2,NA,NA,37,39106,2.210982741,3.907012028,37,4_RP2_D1,4D1
4_RP2_D10,19266X65,19266,65,2,36,sample,5/10/21,D41,D10,infected,4_RP2,4,RP2,F,worm,LO,1/18/21,3/23/21,2/25/21,112,SouthBio,74,D5,NA,exp,NA,65,71010,NA,Original_Lane1,NA,NA,102,29477,2.763564476,7.470640423,102,4_RP2_D10,4D10
4_RP2_D14,19266X133,19266,133,3,2,sample,5/15/21,D41,D14,infected,4_RP2,4,RP2,F,worm,LO,1/18/21,3/23/21,2/25/21,117,SouthBio,79,B1,NA,exp,NA,133,9725,NA,Original_Lane1,NA,NA,70,4183,2.242145711,5.88955199,70,4_RP2_D14,4D14
4_RP2_D28,19266X152,19266,152,3,59,sample,5/28/21,D41,D28,cleared,4_RP2,4,RP2,F,worm,LO,1/18/21,3/23/21,2/25/21,130,SouthBio,92,C8,NA,exp,NA,152,12692,NA,Original_Lane1,NA,NA,70,5280,2.263803519,5.898563158,70,4_RP2_D28,4D28
4_RP2_D31,19267X121,19267,121,4,5,sample,5/31/21,D41,D31,cleared,4_RP2,4,RP2,F,worm,LO,1/18/21,3/23/21,2/25/21,133,SouthBio,95,E1,NA,exp,NA,121,3540,9610,Rerun,NA,NA,58,4364,2.306282976,5.053894393,58,4_RP2_D31,4D31
4_RP2_D41,19267X100,19267,100,4,27,sample,6/10/21,D41,D41,cleared,4_RP2,4,RP2,F,worm,LO,1/18/21,3/23/21,2/25/21,143,SouthBio,105,C4,NA,exp,NA,100,11209,NA,Original_Lane2,NA,NA,64,5535,2.156833587,5.2825735,64,4_RP2_D41,4D41
4_RP2_pre,19267X2,19267,2,1,2,sample,4/24/21,D41,D-5,pretreat,4_RP2,4,RP2,F,worm,LO,1/18/21,3/23/21,2/25/21,96,SouthBio,58,A2,NA,exp,NA,2,117015,NA,Original_Lane2,NA,NA,33,58388,1.982397873,3.341962249,33,4_RP2_pre,4D-5
4_RP3_D1,19266X9,19266,9,1,81,sample,5/1/21,D41,D1,infected,4_RP3,4,RP3,F,worm,LO,1/18/21,3/23/21,2/25/21,103,SouthBio,65,G9,NA,exp,NA,9,142576,NA,Original_Lane1,NA,NA,40,67407,2.078439898,4.139760565,40,4_RP3_D1,4D1
4_RP3_D10,19266X77,19266,77,2,37,sample,5/10/21,D41,D10,infected,4_RP3,4,RP3,F,worm,LO,1/18/21,3/23/21,2/25/21,112,SouthBio,74,E5,NA,exp,NA,77,57294,NA,Original_Lane1,NA,NA,98,20774,2.904153972,6.706748267,98,4_RP3_D10,4D10
4_RP3_D14,19266X145,19266,145,3,3,sample,5/15/21,D41,D14,infected,4_RP3,4,RP3,F,worm,LO,1/18/21,3/23/21,2/25/21,117,SouthBio,79,C1,NA,exp,NA,145,9772,17351,Rerun,NA,NA,80,5947,3.161295409,6.072354449,80,4_RP3_D14,4D14
4_RP3_D28,19266X176,19266,176,3,61,sample,5/28/21,D41,D28,cleared,4_RP3,4,RP3,F,worm,LO,1/18/21,3/23/21,2/25/21,130,SouthBio,92,E8,NA,exp,NA,176,14004,NA,Original_Lane1,NA,NA,82,5048,3.282632697,5.466036522,82,4_RP3_D28,4D28
4_RP3_D41,19267X112,19267,112,4,28,sample,6/10/21,D41,D41,cleared,4_RP3,4,RP3,F,worm,LO,1/18/21,3/23/21,2/25/21,143,SouthBio,105,D4,NA,exp,NA,112,9035,47382,Rerun,2,18,94,23082,2.689677796,6.358580627,94,4_RP3_D41,4D41
4_RP3_pre,19267X14,19267,14,1,14,sample,4/24/21,D41,D-5,pretreat,4_RP3,4,RP3,F,worm,LO,1/18/21,3/23/21,2/25/21,96,SouthBio,58,B2,NA,exp,NA,14,77477,NA,Original_Lane2,NA,NA,33,40925,1.787017045,3.202285601,33,4_RP3_pre,4D-5
5_LP20_D1,19266X21,19266,21,1,93,sample,5/1/21,D41,D1,infected,5_LP20,5,LP20,F,worm,LO,1/18/21,3/23/21,2/25/21,103,SouthBio,65,H9,NA,exp,NA,21,27403,NA,Original_Lane1,NA,NA,33,11353,1.856204475,3.981173299,33,5_LP20_D1,5D1
5_LP20_D10,19266X89,19266,89,2,38,sample,5/10/21,D41,D10,infected,5_LP20,5,LP20,F,worm,LO,1/18/21,3/23/21,2/25/21,112,SouthBio,74,F5,NA,exp,NA,89,40081,NA,Original_Lane1,NA,NA,62,18621,1.499528501,5.004547715,62,5_LP20_D10,5D10
5_LP20_D14,19266X157,19266,157,3,4,sample,5/15/21,D41,D14,infected,5_LP20,5,LP20,F,worm,LO,1/18/21,3/23/21,2/25/21,117,SouthBio,79,D1,NA,exp,NA,157,12966,NA,Original_Lane1,NA,NA,59,5073,2.59816019,5.049518859,59,5_LP20_D14,5D14
5_LP20_D28,19266X188,19266,188,3,62,sample,5/28/21,D41,D28,cleared,5_LP20,5,LP20,F,worm,LO,1/18/21,3/23/21,2/25/21,130,SouthBio,92,F8,NA,exp,NA,188,11888,NA,Original_Lane1,NA,NA,67,4506,1.978328598,5.459644811,67,5_LP20_D28,5D28
5_LP20_D31,19267X132,19267,132,4,6,sample,5/31/21,D41,D31,cleared,5_LP20,5,LP20,F,worm,LO,1/18/21,3/23/21,2/25/21,133,SouthBio,95,F1,NA,exp,NA,132,3382,57739,Rerun,NA,NA,80,33263,2.774232863,5.878722381,80,5_LP20_D31,5D31
5_LP20_D41,19267X124,19267,124,4,29,sample,6/10/21,D41,D41,cleared,5_LP20,5,LP20,F,worm,LO,1/18/21,3/23/21,2/25/21,143,SouthBio,105,E4,NA,exp,NA,124,8923,NA,Original_Lane2,NA,NA,68,3798,2.714574886,5.48244865,68,5_LP20_D41,5D41
5_LP20_pre,19267X26,19267,26,1,26,sample,4/24/21,D41,D-5,pretreat,5_LP20,5,LP20,F,worm,LO,1/18/21,3/23/21,2/25/21,96,SouthBio,58,C2,NA,exp,NA,26,60371,NA,Original_Lane2,NA,NA,35,29485,1.97404324,4.116830184,35,5_LP20_pre,5D-5
5_LP30_D1,19267X10,19267,10,1,10,sample,5/1/21,D41,D1,infected,5_LP30,5,LP30,F,worm,LO,1/18/21,3/23/21,2/25/21,103,SouthBio,65,A10,NA,exp,NA,10,179177,NA,Original_Lane2,NA,NA,38,97519,1.852853556,4.146230773,38,5_LP30_D1,5D1
5_LP30_D10,19266X101,19266,101,2,39,sample,5/10/21,D41,D10,infected,5_LP30,5,LP30,F,worm,LO,1/18/21,3/23/21,2/25/21,112,SouthBio,74,G5,NA,exp,NA,101,66027,NA,Original_Lane1,NA,NA,68,29398,1.669311876,5.788377695,68,5_LP30_D10,5D10
5_LP30_D14,19266X169,19266,169,3,5,sample,5/15/21,D41,D14,infected,5_LP30,5,LP30,F,worm,LO,1/18/21,3/23/21,2/25/21,117,SouthBio,79,E1,NA,exp,NA,169,6117,32196,Rerun,NA,NA,62,18371,1.995511943,5.33200182,62,5_LP30_D14,5D14
5_LP30_D28,19266X200,19266,200,3,63,sample,5/28/21,D41,D28,cleared,5_LP30,5,LP30,F,worm,LO,1/18/21,3/23/21,2/25/21,130,SouthBio,92,G8,NA,exp,NA,200,5302,NA,Original_Lane1,NA,NA,48,2114,2.324951813,4.639462549,48,5_LP30_D28,5D28
5_LP30_D41,19267X135,19267,135,4,30,sample,6/10/21,D41,D41,cleared,5_LP30,5,LP30,F,worm,LO,1/18/21,3/23/21,2/25/21,143,SouthBio,105,F4,NA,exp,NA,135,4462,42367,Rerun,NA,NA,77,19407,2.820726931,5.638311499,77,5_LP30_D41,5D41
5_LP30_pre,19267X38,19267,38,1,38,sample,4/24/21,D41,D-5,pretreat,5_LP30,5,LP30,F,worm,LO,1/18/21,3/23/21,2/25/21,96,SouthBio,58,D2,NA,exp,NA,38,73601,NA,Original_Lane2,NA,NA,34,39591,1.827223052,4.011576274,34,5_LP30_pre,5D-5
5_RP3_D1,19267X22,19267,22,1,22,sample,5/1/21,D41,D1,infected,5_RP3,5,RP3,F,worm,LO,1/18/21,3/23/21,2/25/21,103,SouthBio,65,B10,NA,exp,NA,22,17612,NA,Original_Lane2,NA,NA,33,9876,2.451185553,3.984752617,33,5_RP3_D1,5D1
5_RP3_D10,19266X113,19266,113,2,40,sample,5/10/21,D41,D10,infected,5_RP3,5,RP3,F,worm,LO,1/18/21,3/23/21,2/25/21,112,SouthBio,74,H5,NA,exp,NA,113,52907,NA,Original_Lane1,NA,NA,71,25022,1.950249542,5.708066617,71,5_RP3_D10,5D10
5_RP3_D14,19266X181,19266,181,3,6,sample,5/15/21,D41,D14,infected,5_RP3,5,RP3,F,worm,LO,1/18/21,3/23/21,2/25/21,117,SouthBio,79,F1,NA,exp,NA,181,4739,43061,Rerun,NA,NA,71,23509,2.54178086,6.060507977,71,5_RP3_D14,5D14
5_RP3_D28,19266X212,19266,212,3,64,sample,5/28/21,D41,D28,cleared,5_RP3,5,RP3,F,worm,LO,1/18/21,3/23/21,2/25/21,130,SouthBio,92,H8,NA,exp,NA,212,4700,NA,Original_Lane1,NA,NA,53,1630,2.644417345,4.901836744,53,5_RP3_D28,5D28
5_RP3_D31,19267X143,19267,143,4,7,sample,5/31/21,D41,D31,cleared,5_RP3,5,RP3,F,worm,LO,1/18/21,3/23/21,2/25/21,133,SouthBio,95,G1,NA,exp,NA,143,3659,48313,Rerun,NA,NA,69,24120,1.990255409,5.64059304,69,5_RP3_D31,5D31
5_RP3_D41,19267X146,19267,146,4,31,sample,6/10/21,D41,D41,cleared,5_RP3,5,RP3,F,worm,LO,1/18/21,3/23/21,2/25/21,143,SouthBio,105,G4,NA,exp,NA,146,4585,50382,Rerun,NA,NA,89,20757,2.962499846,6.294895593,89,5_RP3_D41,5D41
5_RP3_pre,19267X50,19267,50,1,50,sample,4/24/21,D41,D-5,pretreat,5_RP3,5,RP3,F,worm,LO,1/18/21,3/23/21,2/25/21,96,SouthBio,58,E2,NA,exp,NA,50,83752,NA,Original_Lane2,NA,NA,35,45344,1.96141974,4.096165179,35,5_RP3_pre,5D-5
6_1,18684X176,18684,176,6,NA,breeder,NA,none,none,other,pretreat_bubble,a1_Female,NA,F,pretreat_bubble,LO,NA,NA,NA,NA,NA,NA,NA,no_sep,P0_fecal_t2,6Days_PostGavage1_3PostGavage2,176,NA,NA,Prerun,NA,NA,12,1999,1.488439238,2.045774966,12,6_1,a1_Femalenone
6_2,18684X177,18684,177,6,NA,breeder,NA,none,none,other,pretreat_bubble,a2_Female,NA,F,pretreat_bubble,LO,NA,NA,NA,NA,NA,NA,NA,no_sep,P0_fecal_t2,6Days_PostGavage1_3PostGavage2,177,NA,NA,Prerun,NA,NA,15,5566,1.624576966,2.305554826,15,6_2,a2_Femalenone
6_3,18684X178,18684,178,6,NA,breeder,NA,none,none,other,pretreat_bubble,a3_Male,NA,M,pretreat_bubble,LO,NA,NA,NA,NA,NA,NA,NA,no_sep,P0_fecal_t2,6Days_PostGavage1_3PostGavage2,178,NA,NA,Prerun,NA,NA,14,2750,1.561218243,2.323226098,14,6_3,a3_Malenone
6_LP10_D1,19267X34,19267,34,1,34,sample,5/1/21,D41,D1,infected,6_LP10,6,LP10,M,worm,LO,1/18/21,4/16/21,2/25/21,103,SouthBio,65,C10,NA,exp,NA,34,54872,NA,Original_Lane2,NA,NA,24,29797,1.70110088,2.935486232,24,6_LP10_D1,6D1
6_LP10_D10,19266X30,19266,30,2,41,sample,5/10/21,D41,D10,infected,6_LP10,6,LP10,M,worm,LO,1/18/21,4/16/21,2/25/21,112,SouthBio,74,A6,NA,exp,NA,30,83801,NA,Original_Lane1,NA,NA,55,37025,2.436097943,5.239498343,55,6_LP10_D10,6D10
6_LP10_D14,19266X193,19266,193,3,7,sample,5/15/21,D41,D14,infected,6_LP10,6,LP10,M,worm,LO,1/18/21,4/16/21,2/25/21,117,SouthBio,79,G1,NA,exp,NA,193,3540,23923,Rerun,NA,NA,53,13904,1.898590859,5.146789569,53,6_LP10_D14,6D14
6_LP10_D28,19266X129,19266,129,3,65,sample,5/28/21,D41,D28,cleared,6_LP10,6,LP10,M,worm,LO,1/18/21,4/16/21,2/25/21,130,SouthBio,92,A9,NA,exp,NA,129,7362,NA,Original_Lane1,NA,NA,57,3243,2.616859934,5.497535788,57,6_LP10_D28,6D28
6_LP10_D31,19267X154,19267,154,4,8,sample,5/31/21,D41,D31,cleared,6_LP10,6,LP10,M,worm,LO,1/18/21,4/16/21,2/25/21,133,SouthBio,95,H1,NA,exp,NA,154,2335,45916,Rerun,NA,NA,62,21057,2.232213427,5.670912404,62,6_LP10_D31,6D31
6_LP10_D41,19267X157,19267,157,4,32,sample,6/10/21,D41,D41,cleared,6_LP10,6,LP10,M,worm,LO,1/18/21,4/16/21,2/25/21,143,SouthBio,105,H4,NA,exp,NA,157,2936,20711,Rerun,3,19,51,9957,2.098899278,4.59733135,51,6_LP10_D41,6D41
6_LP10_pre,19267X62,19267,62,1,62,sample,4/24/21,D41,D-5,pretreat,6_LP10,6,LP10,M,worm,LO,1/18/21,4/16/21,2/25/21,96,SouthBio,58,F2,NA,exp,NA,62,60809,NA,Original_Lane2,NA,NA,23,33169,1.674902993,2.922333505,23,6_LP10_pre,6D-5
6_LP20_D1,19267X46,19267,46,1,46,sample,5/1/21,D14,D1,infected,6_LP20,6,LP20,M,worm,LO,1/18/21,4/16/21,2/25/21,103,SouthBio,65,D10,NA,exp,NA,46,61660,NA,Original_Lane2,NA,NA,23,32081,1.806003033,2.843790099,23,6_LP20_D1,6D1
6_LP20_D10,19266X42,19266,42,2,42,sample,5/10/21,D14,D10,infected,6_LP20,6,LP20,M,worm,LO,1/18/21,4/16/21,2/25/21,112,SouthBio,74,B6,NA,exp,NA,42,111159,NA,Original_Lane1,NA,NA,63,52320,2.046244741,5.436145425,63,6_LP20_D10,6D10
6_LP20_D14,19266X205,19266,205,3,8,sample,5/14/21,D14,D14,infected,6_LP20,6,LP20,M,worm,LO,1/18/21,4/16/21,2/25/21,116,SouthBio,78,H1,NA,exp,NA,205,1883,47083,Rerun,4,5,61,26379,2.195266224,5.322720235,61,6_LP20_D14,6D14
6_LP20_pre,19266X2,19266,2,1,74,sample,4/24/21,D14,D-5,pretreat,6_LP20,6,LP20,M,worm,LO,1/18/21,4/16/21,2/25/21,96,SouthBio,58,G2,NA,exp,NA,2,134775,NA,Original_Lane1,NA,NA,23,64102,1.824201443,2.955349215,23,6_LP20_pre,6D-5
6_RP1_D1,19267X58,19267,58,1,58,sample,5/1/21,D41,D1,infected,6_RP1,6,RP1,M,worm,LO,1/18/21,4/16/21,2/25/21,103,SouthBio,65,E10,NA,exp,NA,58,97740,NA,Original_Lane2,NA,NA,28,55199,1.703629915,3.265605958,28,6_RP1_D1,6D1
6_RP1_D10,19266X54,19266,54,2,43,sample,5/10/21,D41,D10,infected,6_RP1,6,RP1,M,worm,LO,1/18/21,4/16/21,2/25/21,112,SouthBio,74,C6,NA,exp,NA,54,100732,NA,Original_Lane1,NA,NA,68,41619,2.634341553,5.960020861,68,6_RP1_D10,6D10
6_RP1_D14,19266X122,19266,122,3,9,sample,5/15/21,D41,D14,infected,6_RP1,6,RP1,M,worm,LO,1/18/21,4/16/21,2/25/21,117,SouthBio,79,A2,NA,exp,NA,122,11125,NA,Original_Lane1,NA,NA,51,4980,2.228812713,5.047795717,51,6_RP1_D14,6D14
6_RP1_D28,19266X141,19266,141,3,66,sample,5/28/21,D41,D28,cleared,6_RP1,6,RP1,M,worm,LO,1/18/21,4/16/21,2/25/21,130,SouthBio,92,B9,NA,exp,NA,141,10768,NA,Original_Lane1,NA,NA,56,4565,2.04838827,5.312445772,56,6_RP1_D28,6D28
6_RP1_D41,19267X77,19267,77,NA,NA,sample,6/10/21,D41,D41,cleared,6_RP1,6,RP1,M,worm,LO,1/18/21,4/16/21,2/25/21,NA,SouthBio,NA,,NA,exp,NA,NA,0,19242,Rerun,NA,NA,49,9645,1.565929234,4.675982011,49,6_RP1_D41,6D41
6_RP1_pre,19266X14,19266,14,1,86,sample,4/24/21,D41,D-5,pretreat,6_RP1,6,RP1,M,worm,LO,1/18/21,4/16/21,2/25/21,96,SouthBio,58,H2,NA,exp,NA,14,23378,NA,Original_Lane1,NA,NA,18,10500,1.712709635,2.574172735,18,6_RP1_pre,6D-5
6_RP2_D1,19267X70,19267,70,1,70,sample,5/1/21,D41,D1,infected,6_RP2,6,RP2,M,worm,LO,1/18/21,4/16/21,2/25/21,103,SouthBio,65,F10,NA,exp,NA,70,66699,NA,Original_Lane2,NA,NA,22,37210,1.886917696,2.798164113,22,6_RP2_D1,6D1
6_RP2_D10,19266X66,19266,66,2,44,sample,5/10/21,D41,D10,infected,6_RP2,6,RP2,M,worm,LO,1/18/21,4/16/21,2/25/21,112,SouthBio,74,D6,NA,exp,NA,66,136966,NA,Original_Lane1,NA,NA,68,57357,2.118764264,6.019051554,68,6_RP2_D10,6D10
6_RP2_D14,19266X134,19266,134,3,10,sample,5/15/21,D41,D14,infected,6_RP2,6,RP2,M,worm,LO,1/18/21,4/16/21,2/25/21,117,SouthBio,79,B2,NA,exp,NA,134,19030,NA,Original_Lane1,NA,NA,54,7485,2.515307382,5.167592466,54,6_RP2_D14,6D14
6_RP2_D28,19266X153,19266,153,3,67,sample,5/28/21,D41,D28,cleared,6_RP2,6,RP2,M,worm,LO,1/18/21,4/16/21,2/25/21,130,SouthBio,92,C9,NA,exp,NA,153,8589,NA,Original_Lane1,NA,NA,49,4131,1.8580743,5.055526207,49,6_RP2_D28,6D28
6_RP2_D41,19267X89,19267,89,NA,NA,sample,6/10/21,D41,D41,cleared,6_RP2,6,RP2,M,worm,LO,1/18/21,4/16/21,2/25/21,NA,SouthBio,NA,,NA,exp,NA,NA,0,10033,Rerun,NA,NA,51,5544,1.643745802,4.322593009,51,6_RP2_D41,6D41
6_RP2_pre,19267X3,19267,3,1,3,sample,4/24/21,D41,D-5,pretreat,6_RP2,6,RP2,M,worm,LO,1/18/21,4/16/21,2/25/21,96,SouthBio,58,A3,NA,exp,NA,3,78742,NA,Original_Lane2,NA,NA,27,44612,1.732206521,3.143915387,27,6_RP2_pre,6D-5
7_LP_D1,19266X10,19266,10,1,82,sample,5/1/21,D14,D1,infected,7_LP,7,LP,M,worm,LO,1/28/21,3/23/21,3/10/21,93,SouthBio,52,G10,NA,exp,NA,10,112605,NA,Original_Lane1,NA,NA,54,56014,1.536404869,5.223545596,54,7_LP_D1,7D1
7_LP_D10,19266X78,19266,78,2,45,sample,5/10/21,D14,D10,infected,7_LP,7,LP,M,worm,LO,1/28/21,3/23/21,3/10/21,102,SouthBio,61,E6,NA,exp,NA,78,129625,NA,Original_Lane1,NA,NA,95,43724,2.427353814,6.907390087,95,7_LP_D10,7D10
7_LP_D14,19266X146,19266,146,3,11,sample,5/14/21,D14,D14,infected,7_LP,7,LP,M,worm,LO,1/28/21,3/23/21,3/10/21,106,SouthBio,65,C2,NA,exp,NA,146,13513,NA,Original_Lane1,5,6,69,6237,1.837640432,5.530653457,69,7_LP_D14,7D14
7_LP_pre,19267X15,19267,15,1,15,sample,4/24/21,D14,D-5,pretreat,7_LP,7,LP,M,worm,LO,1/28/21,3/23/21,3/10/21,86,SouthBio,45,B3,NA,exp,NA,15,46853,NA,Original_Lane2,NA,NA,59,26916,1.872687635,5.304113782,59,7_LP_pre,7D-5
7_RLP_D1,19266X22,19266,22,1,94,sample,5/1/21,D41,D1,infected,7_RLP,7,RLP,M,worm,LO,1/28/21,3/23/21,3/10/21,93,SouthBio,52,H10,NA,exp,NA,22,16815,NA,Original_Lane1,NA,NA,43,7932,1.905056896,4.851070749,43,7_RLP_D1,7D1
7_RLP_D10,19266X90,19266,90,2,46,sample,5/10/21,D41,D10,infected,7_RLP,7,RLP,M,worm,LO,1/28/21,3/23/21,3/10/21,102,SouthBio,61,F6,NA,exp,NA,90,109893,NA,Original_Lane1,NA,NA,93,40838,2.648103726,6.742481741,93,7_RLP_D10,7D10
7_RLP_D14,19266X158,19266,158,3,12,sample,5/15/21,D41,D14,infected,7_RLP,7,RLP,M,worm,LO,1/28/21,3/23/21,3/10/21,107,SouthBio,66,D2,NA,exp,NA,158,22810,NA,Original_Lane1,NA,NA,77,9659,2.315872856,5.906917344,77,7_RLP_D14,7D14
7_RLP_D28,19266X165,19266,165,3,68,sample,5/28/21,D41,D28,cleared,7_RLP,7,RLP,M,worm,LO,1/28/21,3/23/21,3/10/21,120,SouthBio,79,D9,NA,exp,NA,165,14160,NA,Original_Lane1,NA,NA,80,6011,2.650381236,6.199885622,80,7_RLP_D28,7D28
7_RLP_D41,19267X101,19267,101,NA,NA,sample,6/10/21,D41,D41,cleared,7_RLP,7,RLP,M,worm,LO,1/28/21,3/23/21,3/10/21,NA,SouthBio,NA,,NA,exp,NA,NA,0,14173,Rerun,6,NA,84,7430,2.265162534,6.702109347,84,7_RLP_D41,7D41
7_RLP_pre,19267X27,19267,27,1,27,sample,4/24/21,D41,D-5,pretreat,7_RLP,7,RLP,M,worm,LO,1/28/21,3/23/21,3/10/21,86,SouthBio,45,C3,NA,exp,NA,27,29592,NA,Original_Lane2,NA,NA,56,15120,2.039198294,4.962132046,56,7_RLP_pre,7D-5
7_RP_D1,19267X11,19267,11,1,11,sample,5/1/21,D41,D1,infected,7_RP,7,RP,M,worm,LO,1/28/21,3/23/21,3/10/21,93,SouthBio,52,A11,NA,exp,NA,11,85492,NA,Original_Lane2,NA,NA,61,48272,2.130946079,5.258568561,61,7_RP_D1,7D1
7_RP_D10,19266X102,19266,102,2,47,sample,5/10/21,D41,D10,infected,7_RP,7,RP,M,worm,LO,1/28/21,3/23/21,3/10/21,102,SouthBio,61,G6,NA,exp,NA,102,180879,NA,Original_Lane1,NA,NA,105,63505,2.64398077,7.555082414,105,7_RP_D10,7D10
7_RP_D14,19266X170,19266,170,3,13,sample,5/15/21,D41,D14,infected,7_RP,7,RP,M,worm,LO,1/28/21,3/23/21,3/10/21,107,SouthBio,66,E2,NA,exp,NA,170,15657,NA,Original_Lane1,NA,NA,70,6794,2.327325397,5.471315656,70,7_RP_D14,7D14
7_RP_D28,19266X177,19266,177,3,69,sample,5/28/21,D41,D28,cleared,7_RP,7,RP,M,worm,LO,1/28/21,3/23/21,3/10/21,120,SouthBio,79,E9,NA,exp,NA,177,9893,NA,Original_Lane1,NA,NA,77,4571,2.101851435,5.775601076,77,7_RP_D28,7D28
7_RP_D31,19267X74,19267,74,4,9,sample,5/31/21,D41,D31,cleared,7_RP,7,RP,M,worm,LO,1/28/21,3/23/21,3/10/21,123,SouthBio,82,A2,NA,exp,NA,74,9647,NA,Original_Lane2,NA,NA,62,5209,2.374686632,5.094296534,62,7_RP_D31,7D31
7_RP_D41,19267X113,19267,113,NA,NA,sample,6/10/21,D41,D41,cleared,7_RP,7,RP,M,worm,LO,1/28/21,3/23/21,3/10/21,NA,SouthBio,NA,,NA,exp,NA,NA,0,57463,Rerun,NA,20,94,32418,2.60907074,6.305027856,94,7_RP_D41,7D41
7_RP_pre,19267X39,19267,39,1,39,sample,4/24/21,D41,D-5,pretreat,7_RP,7,RP,M,worm,LO,1/28/21,3/23/21,3/10/21,86,SouthBio,45,D3,NA,exp,NA,39,50558,NA,Original_Lane2,NA,NA,61,27316,1.963502925,5.234980228,61,7_RP_pre,7D-5
8_LP_D1,19267X23,19267,23,1,23,sample,5/1/21,D41,D1,infected,8_LP,8,LP,M,worm,LO,1/28/21,3/23/21,3/10/21,93,SouthBio,52,B11,NA,exp,NA,23,52036,NA,Original_Lane2,NA,NA,47,31034,1.713051649,4.741138073,47,8_LP_D1,8D1
8_LP_D10,19266X114,19266,114,2,48,sample,5/10/21,D41,D10,infected,8_LP,8,LP,M,worm,LO,1/28/21,3/23/21,3/10/21,102,SouthBio,61,H6,NA,exp,NA,114,107450,NA,Original_Lane1,NA,NA,79,40757,2.632092393,7.46339991,79,8_LP_D10,8D10
8_LP_D14,19266X182,19266,182,3,14,sample,5/15/21,D41,D14,infected,8_LP,8,LP,M,worm,LO,1/28/21,3/23/21,3/10/21,107,SouthBio,66,F2,NA,exp,NA,182,10006,NA,Original_Lane1,NA,NA,51,3976,2.266196176,5.188776119,51,8_LP_D14,8D14
8_LP_D28,19266X189,19266,189,3,70,sample,5/28/21,D41,D28,cleared,8_LP,8,LP,M,worm,LO,1/28/21,3/23/21,3/10/21,120,SouthBio,79,F9,NA,exp,NA,189,6697,NA,Original_Lane1,NA,NA,49,2768,2.109946853,4.960399692,49,8_LP_D28,8D28
8_LP_D41,19267X125,19267,125,NA,NA,sample,6/10/21,D41,D41,cleared,8_LP,8,LP,M,worm,LO,1/28/21,3/23/21,3/10/21,NA,SouthBio,NA,,NA,exp,NA,NA,0,30704,Rerun,NA,21,51,15245,2.171675741,5.544355096,51,8_LP_D41,8D41
8_LP_pre,19267X51,19267,51,1,51,sample,4/24/21,D41,D-5,pretreat,8_LP,8,LP,M,worm,LO,1/28/21,3/23/21,3/10/21,86,SouthBio,45,E3,NA,exp,NA,51,66286,NA,Original_Lane2,NA,NA,30,34373,1.709877079,3.208922611,30,8_LP_pre,8D-5
8_RLP_D1,19267X35,19267,35,1,35,sample,5/1/21,D14,D1,infected,8_RLP,8,RLP,M,worm,LO,1/28/21,3/23/21,3/10/21,93,SouthBio,52,C11,NA,exp,NA,35,43178,NA,Original_Lane2,NA,NA,43,23861,1.869003453,4.602926674,43,8_RLP_D1,8D1
8_RLP_D10,19266X31,19266,31,2,49,sample,5/10/21,D14,D10,infected,8_RLP,8,RLP,M,worm,LO,1/28/21,3/23/21,3/10/21,102,SouthBio,61,A7,NA,exp,NA,31,13524,NA,Original_Lane1,NA,NA,58,7116,2.669754434,5.87608814,58,8_RLP_D10,8D10
8_RLP_D14,19266X194,19266,194,3,15,sample,5/14/21,D14,D14,infected,8_RLP,8,RLP,M,worm,LO,1/28/21,3/23/21,3/10/21,106,SouthBio,65,G2,NA,exp,NA,194,11243,NA,Original_Lane1,NA,NA,64,5080,2.024051654,5.561666014,64,8_RLP_D14,8D14
8_RLP_pre,19267X63,19267,63,1,63,sample,4/24/21,D14,D-5,pretreat,8_RLP,8,RLP,M,worm,LO,1/28/21,3/23/21,3/10/21,86,SouthBio,45,F3,NA,exp,NA,63,44484,NA,Original_Lane2,NA,NA,23,23547,1.825987424,2.745626512,23,8_RLP_pre,8D-5
8_RP_D1,19267X47,19267,47,1,47,sample,5/1/21,D41,D1,infected,8_RP,8,RP,M,worm,LO,1/28/21,3/23/21,3/10/21,93,SouthBio,52,D11,NA,exp,NA,47,54557,NA,Original_Lane2,NA,NA,46,29929,1.8603908,4.819540304,46,8_RP_D1,8D1
8_RP_D10,19266X43,19266,43,2,50,sample,5/10/21,D41,D10,infected,8_RP,8,RP,M,worm,LO,1/28/21,3/23/21,3/10/21,102,SouthBio,61,B7,NA,exp,NA,43,24253,NA,Original_Lane1,NA,NA,59,12892,2.850085281,5.780780128,59,8_RP_D10,8D10
8_RP_D14,19266X206,19266,206,3,16,sample,5/15/21,D41,D14,infected,8_RP,8,RP,M,worm,LO,1/28/21,3/23/21,3/10/21,107,SouthBio,66,H2,NA,exp,NA,206,4301,46823,Rerun,NA,NA,58,26215,2.141179,5.765875409,58,8_RP_D14,8D14
8_RP_D28,19266X201,19266,201,3,71,sample,5/28/21,D41,D28,cleared,8_RP,8,RP,M,worm,LO,1/28/21,3/23/21,3/10/21,120,SouthBio,79,G9,NA,exp,NA,201,5015,NA,Original_Lane1,NA,NA,43,2302,2.222704019,4.953563146,43,8_RP_D28,8D28
8_RP_D31,19267X86,19267,86,4,10,sample,5/31/21,D41,D31,cleared,8_RP,8,RP,M,worm,LO,1/28/21,3/23/21,3/10/21,123,SouthBio,82,B2,NA,exp,NA,86,12455,NA,Original_Lane2,NA,NA,56,5675,2.49874729,5.734344861,56,8_RP_D31,8D31
8_RP_D41,19267X136,19267,136,NA,NA,sample,6/10/21,D41,D41,cleared,8_RP,8,RP,M,worm,LO,1/28/21,3/23/21,3/10/21,NA,SouthBio,NA,,NA,exp,NA,NA,0,50494,Rerun,8,22,55,29551,2.605202852,5.561691735,55,8_RP_D41,8D41
8_RP_pre,19266X3,19266,3,1,75,sample,4/24/21,D41,D-5,pretreat,8_RP,8,RP,M,worm,LO,1/28/21,3/23/21,3/10/21,86,SouthBio,45,G3,NA,exp,NA,3,92238,NA,Original_Lane1,NA,NA,23,42915,1.867945726,2.881636969,23,8_RP_pre,8D-5
9_1,18684X179,18684,179,6,NA,breeder,NA,none,none,other,pretreat_bubble,a1_Female,NA,F,pretreat_bubble,LO,NA,NA,NA,NA,NA,NA,NA,no_sep,P0_fecal_t3,9Days_PostGavage1_3PostGavage3,179,NA,NA,Prerun,NA,NA,16,1630,1.750997768,2.384673288,16,9_1,a1_Femalenone
9_2,18684X180,18684,180,6,NA,breeder,NA,none,none,other,pretreat_bubble,a2_Female,NA,F,pretreat_bubble,LO,NA,NA,NA,NA,NA,NA,NA,no_sep,P0_fecal_t3,9Days_PostGavage1_3PostGavage3,180,NA,NA,Prerun,NA,NA,21,3181,1.405100786,2.775721467,21,9_2,a2_Femalenone
9_3,18684X181,18684,181,6,NA,breeder,NA,none,none,other,pretreat_bubble,a3_Male,NA,M,pretreat_bubble,LO,NA,NA,NA,NA,NA,NA,NA,no_sep,P0_fecal_t3,9Days_PostGavage1_3PostGavage3,181,NA,NA,Prerun,NA,NA,15,3351,1.016649673,2.404145179,15,9_3,a3_Malenone
9_LLP_D1,19267X59,19267,59,1,59,sample,5/1/21,D41,D1,infected,9_LLP,9,LLP,M,worm,LO,2/1/21,3/23/21,3/10/21,89,SouthBio,52,E11,NA,exp,NA,59,83999,NA,Original_Lane2,NA,NA,34,45880,2.008719095,3.926878668,34,9_LLP_D1,9D1
9_LLP_D10,19266X55,19266,55,2,51,sample,5/10/21,D41,D10,infected,9_LLP,9,LLP,M,worm,LO,2/1/21,3/23/21,3/10/21,98,SouthBio,61,C7,NA,exp,NA,55,18353,NA,Original_Lane1,NA,NA,73,9476,2.1345977,5.990347549,73,9_LLP_D10,9D10
9_LLP_D14,19266X123,19266,123,3,17,sample,5/15/21,D41,D14,infected,9_LLP,9,LLP,M,worm,LO,2/1/21,3/23/21,3/10/21,103,SouthBio,66,A3,NA,exp,NA,123,7651,7697,Rerun,NA,NA,54,3963,1.781425836,4.843780724,54,9_LLP_D14,9D14
9_LLP_D28,19266X213,19266,213,3,72,sample,5/28/21,D41,D28,cleared,9_LLP,9,LLP,M,worm,LO,2/1/21,3/23/21,3/10/21,116,SouthBio,79,H9,NA,exp,NA,213,4285,47679,Rerun,NA,NA,79,20658,3.294887432,5.784580019,79,9_LLP_D28,9D28
9_LLP_D31,19267X98,19267,98,4,11,sample,5/31/21,D41,D31,cleared,9_LLP,9,LLP,M,worm,LO,2/1/21,3/23/21,3/10/21,119,SouthBio,82,C2,NA,exp,NA,98,10756,NA,Original_Lane2,NA,NA,72,4827,3.199150767,5.689713009,72,9_LLP_D31,9D31
9_LLP_D41,19267X147,19267,147,NA,NA,sample,6/10/21,D41,D41,cleared,9_LLP,9,LLP,M,worm,LO,2/1/21,3/23/21,3/10/21,NA,SouthBio,NA,,NA,exp,NA,NA,0,12055,Rerun,NA,7,73,5776,2.396045042,5.749547613,73,9_LLP_D41,9D41
9_LLP_pre,19266X15,19266,15,1,87,sample,4/24/21,D41,D-5,pretreat,9_LLP,9,LLP,M,worm,LO,2/1/21,3/23/21,3/10/21,82,SouthBio,45,H3,NA,exp,NA,15,21789,NA,Original_Lane1,NA,NA,31,9285,2.059274081,3.607238225,31,9_LLP_pre,9D-5
9_LP_D1,19267X71,19267,71,1,71,sample,5/1/21,D41,D1,infected,9_LP,9,LP,M,worm,LO,2/1/21,3/23/21,3/10/21,89,SouthBio,52,F11,NA,exp,NA,71,47559,NA,Original_Lane2,NA,NA,31,25769,1.959225598,3.976086117,31,9_LP_D1,9D1
9_LP_D10,19266X67,19266,67,2,52,sample,5/10/21,D41,D10,infected,9_LP,9,LP,M,worm,LO,2/1/21,3/23/21,3/10/21,98,SouthBio,61,D7,NA,exp,NA,67,28859,NA,Original_Lane1,NA,NA,71,14687,2.224368475,5.818117421,71,9_LP_D10,9D10
9_LP_D14,19266X135,19266,135,3,18,sample,5/15/21,D41,D14,infected,9_LP,9,LP,M,worm,LO,2/1/21,3/23/21,3/10/21,103,SouthBio,66,B3,NA,exp,NA,135,15864,NA,Original_Lane1,NA,NA,65,5958,3.018603315,5.165555297,65,9_LP_D14,9D14
9_LP_D28,19266X130,19266,130,3,73,sample,5/28/21,D41,D28,cleared,9_LP,9,LP,M,worm,LO,2/1/21,3/23/21,3/10/21,116,SouthBio,79,A10,NA,exp,NA,130,6134,NA,Original_Lane1,NA,NA,66,2729,2.641113161,5.254319836,66,9_LP_D28,9D28
9_LP_D41,19267X158,19267,158,NA,NA,sample,6/10/21,D41,D41,cleared,9_LP,9,LP,M,worm,LO,2/1/21,3/23/21,3/10/21,NA,SouthBio,NA,,NA,exp,NA,NA,0,36825,Rerun,NA,NA,80,19049,2.420609997,6.287667142,80,9_LP_D41,9D41
9_LP_pre,19267X4,19267,4,1,4,sample,4/24/21,D41,D-5,pretreat,9_LP,9,LP,M,worm,LO,2/1/21,3/23/21,3/10/21,82,SouthBio,45,A4,NA,exp,NA,4,102316,NA,Original_Lane2,NA,NA,30,48752,1.931176906,3.510361181,30,9_LP_pre,9D-5
9_RP_D1,19266X11,19266,11,1,83,sample,5/1/21,D41,D1,infected,9_RP,9,RP,M,worm,LO,2/1/21,3/23/21,3/10/21,89,SouthBio,52,G11,NA,exp,NA,11,104404,NA,Original_Lane1,NA,NA,30,52162,1.865742485,3.791655257,30,9_RP_D1,9D1
9_RP_D10,19266X79,19266,79,2,53,sample,5/10/21,D41,D10,infected,9_RP,9,RP,M,worm,LO,2/1/21,3/23/21,3/10/21,98,SouthBio,61,E7,NA,exp,NA,79,17379,NA,Original_Lane1,NA,NA,67,8708,3.245759384,5.270652085,67,9_RP_D10,9D10
9_RP_D14,19266X147,19266,147,3,19,sample,5/15/21,D41,D14,infected,9_RP,9,RP,M,worm,LO,2/1/21,3/23/21,3/10/21,103,SouthBio,66,C3,NA,exp,NA,147,8642,44820,Rerun,NA,NA,68,21234,1.978252795,5.548025815,68,9_RP_D14,9D14
9_RP_D28,19266X142,19266,142,3,74,sample,5/28/21,D41,D28,cleared,9_RP,9,RP,M,worm,LO,2/1/21,3/23/21,3/10/21,116,SouthBio,79,B10,NA,exp,NA,142,9627,NA,Original_Lane1,NA,NA,64,3740,2.861079347,4.913829625,64,9_RP_D28,9D28
9_RP_D41,19267X78,19267,78,4,41,sample,6/10/21,D41,D41,cleared,9_RP,9,RP,M,worm,LO,2/1/21,3/23/21,3/10/21,129,SouthBio,92,A6,NA,exp,NA,78,234,47959,Rerun,NA,NA,83,20390,2.073716311,6.145764448,83,9_RP_D41,9D41
9_RP_pre,19267X16,19267,16,1,16,sample,4/24/21,D41,D-5,pretreat,9_RP,9,RP,M,worm,LO,2/1/21,3/23/21,3/10/21,82,SouthBio,45,B4,NA,exp,NA,16,44736,NA,Original_Lane2,NA,NA,32,22337,1.883792184,3.466738066,32,9_RP_pre,9D-5
9_RRP_D1,19266X23,19266,23,1,95,sample,5/1/21,D41,D1,infected,9_RRP,9,RRP,M,worm,LO,2/1/21,3/23/21,3/10/21,89,SouthBio,52,H11,NA,exp,NA,23,10853,NA,Original_Lane1,NA,NA,24,5162,1.958723544,3.423225604,24,9_RRP_D1,9D1
9_RRP_D10,19266X91,19266,91,2,54,sample,5/10/21,D41,D10,infected,9_RRP,9,RRP,M,worm,LO,2/1/21,3/23/21,3/10/21,98,SouthBio,61,F7,NA,exp,NA,91,15563,NA,Original_Lane1,NA,NA,73,7336,3.140030767,5.609474882,73,9_RRP_D10,9D10
9_RRP_D14,19266X159,19266,159,3,20,sample,5/15/21,D41,D14,infected,9_RRP,9,RRP,M,worm,LO,2/1/21,3/23/21,3/10/21,103,SouthBio,66,D3,NA,exp,NA,159,10715,NA,Original_Lane1,NA,NA,65,4580,2.558057564,5.456082992,65,9_RRP_D14,9D14
9_RRP_D28,19266X154,19266,154,3,75,sample,5/28/21,D41,D28,cleared,9_RRP,9,RRP,M,worm,LO,2/1/21,3/23/21,3/10/21,116,SouthBio,79,C10,NA,exp,NA,154,5393,NA,Original_Lane1,NA,NA,54,2489,2.065935093,4.625734294,54,9_RRP_D28,9D28
9_RRP_D31,19267X110,19267,110,4,12,sample,5/31/21,D41,D31,cleared,9_RRP,9,RRP,M,worm,LO,2/1/21,3/23/21,3/10/21,119,SouthBio,82,D2,NA,exp,NA,110,16247,NA,Original_Lane2,NA,NA,68,6932,2.949361476,5.438189444,68,9_RRP_D31,9D31
9_RRP_D41,19267X90,19267,90,4,42,sample,6/10/21,D41,D41,cleared,9_RRP,9,RRP,M,worm,LO,2/1/21,3/23/21,3/10/21,129,SouthBio,92,B6,NA,exp,NA,90,272,34751,Rerun,NA,NA,84,17934,2.499583177,6.230017122,84,9_RRP_D41,9D41
9_RRP_pre,19267X28,19267,28,1,28,sample,4/24/21,D41,D-5,pretreat,9_RRP,9,RRP,M,worm,LO,2/1/21,3/23/21,3/10/21,82,SouthBio,45,C4,NA,exp,NA,28,47422,NA,Original_Lane2,NA,NA,33,21163,1.905440697,3.500463609,33,9_RRP_pre,9D-5
Blank2,19266X120,19266,120,2,96,blank,NA,none,none,other,blank,other,NA,none,other,blank,NA,NA,NA,NA,NA,NA,H12,NA,Blank,NA,120,5046,NA,Original_Lane1,NA,NA,4,19,1.118406655,1.415772871,4,Blank2,othernone
Blank3,19266X164,19266,164,3,60,blank,NA,none,none,other,blank,other,NA,none,other,blank,NA,NA,NA,NA,NA,NA,D8,NA,Blank,NA,164,228,116,Rerun,NA,NA,5,17,1.41613968,1.272113008,5,Blank3,othernone
Blank4,19267X114,19267,114,4,44,blank,NA,none,none,other,blank,other,NA,none,other,blank,NA,NA,NA,NA,NA,NA,D6,NA,Blank,NA,114,10,65,Rerun,NA,NA,3,11,0.907535294,0.928835213,3,Blank4,othernone
BP1_1,18684X182,18684,182,6,NA,breeder,NA,none,none,other,pretreat_bubble,BP_1,NA,MF,pretreat_bubble,LO,NA,NA,NA,NA,NA,NA,NA,yes,P0_fecal_t4,Breeders_1MonthPostGavage1,182,NA,NA,Prerun,NA,NA,18,5517,1.430267992,2.606436661,18,BP1_1,BP_1none
BP1_2,18684X183,18684,183,6,NA,breeder,NA,none,none,other,pretreat_bubble,BP_2,NA,MF,pretreat_bubble,LO,NA,NA,NA,NA,NA,NA,NA,yes,P0_fecal_t4,Breeders_1MonthPostGavage1,183,NA,NA,Prerun,NA,NA,17,3810,1.58972259,2.488356066,17,BP1_2,BP_2none
BP1_3,18684X184,18684,184,6,NA,breeder,NA,none,none,other,pretreat_bubble,BP_3,NA,MF,pretreat_bubble,LO,NA,NA,NA,NA,NA,NA,NA,yes,P0_fecal_t4,Breeders_1MonthPostGavage1,184,NA,NA,Prerun,NA,NA,14,3314,1.679004392,2.511372756,14,BP1_3,BP_3none
BP1_4,18684X185,18684,185,6,NA,breeder,NA,none,none,other,pretreat_bubble,BP_4,NA,MF,pretreat_bubble,LO,NA,NA,NA,NA,NA,NA,NA,yes,P0_fecal_t4,Breeders_1MonthPostGavage1,185,NA,NA,Prerun,NA,NA,16,3764,1.57482266,2.492418794,16,BP1_4,BP_4none
D6300_ZMB,18684X189,18684,189,6,NA,mock,NA,none,none,other,mock,other,NA,none,other,mock,NA,NA,NA,NA,NA,NA,NA,NA,PosControl,ZymoEvenMockCommunity,189,NA,NA,Prerun,NA,NA,8,2703,1.778967108,1.381951935,8,D6300_ZMB,othernone
D6310_ZMB,18684X190,18684,190,6,NA,mock,NA,none,none,other,mock,other,NA,none,other,mock,NA,NA,NA,NA,NA,NA,NA,NA,PosControl,ZymoLogMockCommunity,190,NA,NA,Prerun,NA,NA,16,2049,1.126744163,2.328754912,16,D6310_ZMB,othernone
G1,18684X186,18684,186,6,NA,gavage_control,NA,none,none,other,blank,a3,NA,none,other,M13.H8.B2.K11,NA,NA,NA,NA,NA,NA,NA,NA,gavage_1,GavageMix,186,NA,NA,Prerun,NA,NA,12,7372,0.874539243,1.995198033,12,G1,a3none
G2,18684X187,18684,187,6,NA,gavage_control,NA,none,none,other,blank,a1,NA,none,other,Anaerobes,NA,NA,NA,NA,NA,NA,NA,NA,gavage_2,GavageMix,187,NA,NA,Prerun,NA,NA,13,503,1.909926955,2.563702248,13,G2,a1none
G3,18684X188,18684,188,6,NA,gavage_control,NA,none,none,other,blank,a2,NA,none,other,All_LO,NA,NA,NA,NA,NA,NA,NA,NA,gavage_3,GavageMix,188,NA,NA,Prerun,NA,NA,16,2388,1.989688245,2.764355814,16,G3,a2none
L013_10Feb,19267X151,19267,151,4,71,sample,2/10/21,D14,pre,pretreat,1_RP,1,RP,F,worm,LO,1/9/21,3/23/21,2/10/21,32,HCI,0,G9,NA,exp,NA,151,4587,28008,Rerun,NA,NA,28,15203,1.762076433,3.235493815,28,L013_10Feb,1pre
L013_11Mar,19267X162,19267,162,4,72,sample,3/11/21,D14,pre,pretreat,1_RP,1,RP,F,worm,LO,1/9/21,3/23/21,2/10/21,61,HCI,29,H9,NA,exp,NA,162,2977,41031,Rerun,NA,NA,18,22468,1.844351236,2.737640757,18,L013_11Mar,1pre
L013_16Mar,19267X82,19267,82,4,73,sample,3/16/21,D14,pre,pretreat,1_RP,1,RP,F,worm,LO,1/9/21,3/23/21,2/10/21,66,HCI,34,A10,NA,exp,NA,82,5232,26228,Rerun,NA,NA,26,12255,1.745471407,2.994754908,26,L013_16Mar,1pre
L015_10Feb,19267X94,19267,94,4,74,sample,2/10/21,D41,pre,pretreat,11_RLP,11,RLP,F,control,LO,1/9/21,3/23/21,2/10/21,32,HCI,0,B10,NA,exp,NA,94,6875,NA,Original_Lane2,NA,NA,15,3586,1.680767249,2.466977234,15,L015_10Feb,11pre
L020_10Feb,19267X106,19267,106,4,75,sample,2/10/21,D41,pre,pretreat,3_RP,3,RP,F,worm,LO,1/3/21,3/23/21,2/10/21,38,HCI,0,C10,NA,exp,NA,106,4033,NA,Original_Lane2,NA,NA,15,2169,1.76587945,2.515662091,15,L020_10Feb,3pre
L020_16Mar,19267X118,19267,118,4,76,sample,3/16/21,D41,pre,pretreat,3_RP,3,RP,F,worm,LO,1/3/21,3/23/21,2/10/21,72,HCI,34,D10,NA,exp,NA,118,7344,NA,Original_Lane2,NA,NA,18,4089,1.468135964,2.49471052,18,L020_16Mar,3pre
L022_10Feb,19267X130,19267,130,4,77,sample,2/10/21,D41,pre,pretreat,3_RLP,3,RLP,F,worm,LO,1/3/21,3/23/21,2/10/21,38,HCI,0,E10,NA,exp,NA,130,5914,NA,Original_Lane2,NA,NA,13,3078,1.517859485,2.466977234,13,L022_10Feb,3pre
L025_11Mar,19267X152,19267,152,4,79,sample,3/11/21,D14,pre,pretreat,4_RP1,4,RP1,F,worm,LO,1/18/21,3/23/21,2/25/21,52,HCI,14,G10,NA,exp,NA,152,3643,23227,Rerun,NA,NA,33,11946,1.987032878,3.757141151,33,L025_11Mar,4pre
L025_25Feb,19267X141,19267,141,4,78,sample,2/25/21,D14,pre,pretreat,4_RP1,4,RP1,F,worm,LO,1/18/21,3/23/21,2/25/21,38,HCI,0,F10,NA,exp,NA,141,3722,32332,Rerun,NA,NA,18,16921,1.699319925,2.887963923,18,L025_25Feb,4pre
L026_11Mar,19267X83,19267,83,4,81,sample,3/11/21,D41,pre,pretreat,4_RP2,4,RP2,F,worm,LO,1/18/21,3/23/21,2/25/21,52,HCI,14,A11,NA,exp,NA,83,9416,NA,Original_Lane2,NA,NA,20,4950,1.868553473,2.649866043,20,L026_11Mar,4pre
L026_25Feb,19267X163,19267,163,4,80,sample,2/25/21,D41,pre,pretreat,4_RP2,4,RP2,F,worm,LO,1/18/21,3/23/21,2/25/21,38,HCI,0,H10,NA,exp,NA,163,2091,40678,Rerun,NA,NA,22,19801,1.571332302,2.601240126,22,L026_25Feb,4pre
L033_11Mar,19267X107,19267,107,4,83,sample,3/11/21,D41,pre,pretreat,5_LP20,5,LP20,F,worm,LO,1/18/21,3/23/21,2/25/21,52,HCI,14,C11,NA,exp,NA,107,10433,NA,Original_Lane2,NA,NA,19,5711,1.70023571,2.701121485,19,L033_11Mar,5pre
L033_16Mar,19267X119,19267,119,4,84,sample,3/16/21,D41,pre,pretreat,5_LP20,5,LP20,F,worm,LO,1/18/21,3/23/21,2/25/21,57,HCI,19,D11,NA,exp,NA,119,14273,NA,Original_Lane2,NA,NA,17,7339,1.822826314,2.58503535,17,L033_16Mar,5pre
L033_25Feb,19267X95,19267,95,4,82,sample,2/25/21,D41,pre,pretreat,5_LP20,5,LP20,F,worm,LO,1/18/21,3/23/21,2/25/21,38,HCI,0,B11,NA,exp,NA,95,14831,NA,Original_Lane2,NA,NA,19,7637,1.62371214,2.649866048,19,L033_25Feb,5pre
L034_25Feb,19267X131,19267,131,4,85,sample,2/25/21,D41,pre,pretreat,5_LP30,5,LP30,F,worm,LO,1/18/21,3/23/21,2/25/21,38,HCI,0,E11,NA,exp,NA,131,12121,NA,Original_Lane2,NA,NA,15,6308,1.665599209,2.486962921,15,L034_25Feb,5pre
L036_25Feb,19267X142,19267,142,4,86,sample,2/25/21,D41,pre,pretreat,6_RP2,6,RP2,M,worm,LO,1/18/21,4/16/21,2/25/21,38,HCI,0,F11,NA,exp,NA,142,7166,NA,Original_Lane2,NA,NA,14,3803,1.528516025,2.49471051,14,L036_25Feb,6pre
L040_11Mar,19267X153,19267,153,4,87,sample,3/11/21,D14,pre,pretreat,7_LP,7,LP,M,worm,LO,1/28/21,3/23/21,3/10/21,42,HCI,1,G11,NA,exp,NA,153,7206,NA,Original_Lane2,NA,NA,16,3729,1.722997854,2.49471051,16,L040_11Mar,7pre
L040_16Mar,19267X164,19267,164,4,88,sample,3/16/21,D14,pre,pretreat,7_LP,7,LP,M,worm,LO,1/28/21,3/23/21,3/10/21,47,HCI,6,H11,NA,exp,NA,164,3765,NA,Original_Lane2,NA,NA,18,2059,1.65950318,2.530883558,18,L040_16Mar,7pre
L043_11Mar,19267X84,19267,84,4,89,sample,3/11/21,D41,pre,pretreat,8_LP,8,LP,M,worm,LO,1/28/21,3/23/21,3/10/21,42,HCI,1,A12,NA,exp,NA,84,7481,NA,Original_Lane2,NA,NA,14,3830,1.911090148,2.466977234,14,L043_11Mar,8pre
L045_11Mar,19267X96,19267,96,4,90,sample,3/11/21,D41,pre,pretreat,9_LP,9,LP,M,worm,LO,2/1/21,3/23/21,3/10/21,38,HCI,1,B12,NA,exp,NA,96,12664,NA,Original_Lane2,NA,NA,15,6184,1.610867912,2.49471051,15,L045_11Mar,9pre
L051_11Mar,19267X108,19267,108,4,91,sample,3/11/21,D41,pre,pretreat,10_RLP,10,RLP,F,worm,LO,2/1/21,3/23/21,3/10/21,38,HCI,1,C12,NA,exp,NA,108,10041,NA,Original_Lane2,NA,NA,15,5273,1.657870623,2.49471051,15,L051_11Mar,10pre
L053_11Mar,19267X120,19267,120,4,92,sample,3/11/21,D14,pre,pretreat,10_LLP,10,LLP,F,worm,LO,2/1/21,3/23/21,3/10/21,38,HCI,1,D12,NA,exp,NA,120,11735,NA,Original_Lane2,NA,NA,17,5738,1.744784461,2.515653021,17,L053_11Mar,10pre
L3_tube1,19267X117,19267,117,4,68,gavage_control,6/10/21,none,none,other,gavage_control,other,NA,none,other,blank,NA,NA,NA,NA,NA,NA,D9,NA,L3,NA,117,299,685,Rerun,NA,NA,9,68,1.477020954,1.502229237,9,L3_tube1,othernone
L3_tube2,19267X129,19267,129,4,69,gavage_control,6/10/21,none,none,other,gavage_control,other,NA,none,other,blank,NA,NA,NA,NA,NA,NA,E9,NA,L3,NA,129,273,NA,Original_Lane2,NA,NA,8,21,1.954645867,1.616116545,8,L3_tube2,othernone
NTC_2,18684X144,18684,144,6,NA,blank,NA,none,none,other,blank,other,NA,none,other,blank,NA,NA,NA,NA,NA,NA,NA,NA,NTC,PCR_NTC,144,NA,NA,Prerun,NA,NA,1,4,0,NA,1,NTC_2,othernone
PCR_NTC1,19267X185,19267,185,5,51,blank,NA,none,none,other,blank,other,NA,none,other,blank,NA,NA,NA,NA,NA,NA,C7,NA,NTC,NA,185,273,NA,Original_Lane2,NA,NA,9,60,1.648445259,1.65467355,9,PCR_NTC1,othernone
PCR_NTC2,19267X192,19267,192,5,52,blank,NA,none,none,other,blank,other,NA,none,other,blank,NA,NA,NA,NA,NA,NA,D7,NA,NTC,NA,192,462,NA,Original_Lane2,NA,NA,29,127,3.103922145,3.458282114,29,PCR_NTC2,othernone
PCR_NTC3,19267X199,19267,199,5,53,blank,NA,none,none,other,blank,other,NA,none,other,blank,NA,NA,NA,NA,NA,NA,E7,NA,NTC,NA,199,324,NA,Original_Lane2,NA,NA,17,70,2.476336867,2.910123573,17,PCR_NTC3,othernone